FinCoNo,FinPrdtCd,KorCoNm,FinPrdtNm,RateType,LendRateAvg,CbCoNm,ContactDepartment,HompUrl,CalTel,JoinWay,CrdtGrad900,CrdtGrad801,CrdtGrad701,CrdtGrad601,CrdtGrad501,CrdtGrad401,CrdtGrad301,CrdtGrad300,BaseRateCrdtGrad900,BaseRateCrdtGrad801,AddRateCrdtGrad900,AddRateCrdtGrad801,AdjustedRateCrdtGrad900,AdjustedRateCrdtGrad801,직업,학습,건강,관계,주거,사회참여,여가,재무
10596,개인신용대출,흥국생명보험주식회사,일반신용대출,대출금리,5.04%,"NICE, KCB","개인금융팀, 02-2002-7369",http://www.heungkuklife.co.kr,1588-2288,"영업점,인터넷,스마트폰,모집인,전화(텔레뱅킹)",4.80%,5.02%,6.11%,-,-,-,-,-,2.45,2.45,2.35,2.57,,,0,0,0,0,0,0,0,100
10595,개인신용대출,삼성생명보험주식회사,일반신용대출,대출금리,5.22%,NICE,"융자기획파트, 02-2259-7115",http://www.samsunglife.com,1588-3114,"영업점,인터넷,스마트폰,모집인,전화(텔레뱅킹)",4.92%,6.12%,-,-,-,-,-,-,3.27,3.51,1.65,2.61,,,0,0,0,0,0,0,0,100
10597,개인신용대출,교보생명보험주식회사,일반신용대출,대출금리,5.51%,"NICE, KCB","소매여신마케팅팀, 02-721-2455",http://www.kyobo.co.kr,15881001,"영업점,인터넷,스마트폰,모집인,전화(텔레뱅킹)",5.30%,5.81%,6.61%,9.59%,-,-,-,-,2.2,2.2,3.1,3.61,,,0,0,0,0,0,0,0,100
10227,WR0002F,비씨카드㈜,장기카드대출,대출금리,6.71%,NICE,"영업기획팀, 02-520-4762",https://www.bccard.com/app/card/MainActn.do,15884000,"인터넷,스마트폰",-,6.71%,-,-,-,-,-,-,,,,,,,0,0,0,0,0,0,0,100
10593,개인신용대출,한화생명보험주식회사,일반신용대출,대출금리,7.40%,"NICE,KCB","융자사업부, 02-789-8205",http://www.hanwhalife.com,15886363,"영업점,인터넷,스마트폰,모집인,전화(텔레뱅킹)",-,-,7.40%,-,-,-,-,-,,,,,,,0,0,0,0,0,0,0,100
12711,71100,엔에이치저축은행,일반신용대출,대출금리,9.48%,NICE,"기획총무부,02-3016-2314",http://www.nhsavingsbank.co.kr/,215885191,"영업점,인터넷,스마트폰,모집인,전화(텔레뱅킹),기타",6.50%,8.22%,10.45%,12.00%,13.88%,-,-,-,2.41,2.41,4.09,5.81,,,0,0,0,0,0,0,0,100
10002,WR0002F,한국스탠다드차타드은행,장기카드대출,대출금리,9.64%,KCB,"수신상품부(예적금), 02-3702-3874신용여신부(신용대출), 02-3702-4763담보여신부(담보대출), 02-3702-4202카드상품부(카드론),02-3702-4613",http://www.standardchartered.co.kr,15881599,"인터넷,스마트폰,전화(텔레뱅킹)",7.35%,8.82%,11.99%,13.04%,13.11%,-,-,-,,,,,,,0,0,0,0,0,0,0,100
14807,WR0002F,수협은행,장기카드대출,대출금리,9.77%,KCB,"개인금융부(수신), 02-2240-0391개인금융부(여신), 02-2240-0273",http://www.suhyup-bank.com,15881515,"인터넷,스마트폰,전화(텔레뱅킹)",8.63%,8.97%,10.82%,11.51%,-,-,-,-,,,,,,,0,0,0,0,0,0,0,100
13173,개인신용대출,농협생명보험주식회사,일반신용대출,,-,"NICE, KCB",,,,"영업점,인터넷,스마트폰,모집인",-,-,-,-,-,-,-,-,,,,,,,0,0,0,0,0,0,0,100
10608,개인신용대출,미래에셋생명보험주식회사,일반신용대출,,-,"NICE,KCB","융자팀, 02-2287-4062",,,"영업점,인터넷,스마트폰",-,-,-,-,-,-,-,-,,,,,,,0,0,0,0,0,0,0,100
10633,300019,삼성화재해상보험주식회사,일반신용대출,,-,NICE,"융자기획파트,02-758-7231대출상담,1588-7444",,,인터넷,-,-,-,-,-,-,-,-,,,,,,,0,0,0,0,0,0,0,100
10599,개인신용대출,신한라이프생명보험주식회사,일반신용대출,,-,NICE,"개인여신팀, 1899-6669",,,"영업점,인터넷,스마트폰,모집인,전화(텔레뱅킹)",-,-,-,-,-,-,-,-,,,,,,,0,0,0,0,0,0,0,100
12621,WR0001F,폭스바겐파이낸셜서비스코리아㈜,일반신용대출,대출금리,10.09%,NICE,"마케팅, 02-513-3176",https://www.vwfs.co.kr/,15888420,스마트폰,7.92%,8.52%,12.90%,-,-,-,-,-,,,,,,,0,0,0,0,0,0,0,100
10228,WR0001F,삼성카드㈜,일반신용대출,대출금리,10.14%,KCB,"기획조사팀, 02-2172-7192",http://www.samsungcard.com,15888700,"인터넷,스마트폰,전화(텔레뱅킹)",6.70%,6.70%,13.03%,19.40%,-,-,-,-,,,,,,,0,0,0,0,0,0,0,100
11575,WR0001F,알씨아이파이낸셜서비스코리아㈜,일반신용대출,대출금리,10.29%,NICE,"마케팅, 02-2021-5507",http://www.renaultcapital.co.kr/,15886750,전화(텔레뱅킹),6.19%,9.81%,14.35%,-,-,-,-,-,,,,,,,0,0,0,0,0,0,0,100
10741,WR0001F,㈜아이비케이캐피탈,일반신용대출,대출금리,10.40%,KCB,"기획팀, 02-531-9360",https://www.ibkc.co.kr,15771885,인터넷,-,-,10.40%,-,-,-,-,-,,,,,,,0,0,0,0,0,0,0,100
10473,GP760130,상상인저축은행,일반신용대출,대출금리,10.42%,KCB,"경영기획팀, 0316988142",http://www.sangsanginsb.com,15771771,"인터넷,스마트폰,모집인,전화(텔레뱅킹)",9.17%,10.81%,9.82%,12.80%,15.99%,-,-,-,1.96,1.96,7.21,8.85,,,0,0,0,0,0,0,0,100
13220,WR0001F,롯데오토리스㈜,일반신용대출,대출금리,10.65%,KCB,"경영기획팀, 02-3404-9746",https://www.lotte-autolease.net,18998700,영업점,10.19%,10.33%,11.07%,10.90%,-,-,-,-,,,,,,,0,0,0,0,0,0,0,100
10017,WR0002F,부산은행,장기카드대출,대출금리,11.40%,NICE,"마케팅추진부, 051-620-3339여신기획부, 051-620-3423",http://www.busanbank.co.kr,15886200,"영업점,인터넷,스마트폰,전화(텔레뱅킹)",10.18%,10.90%,14.95%,-,-,-,-,-,,,,,,,0,0,0,0,0,0,0,100
10229,WR0002F,신한카드㈜,장기카드대출,대출금리,11.46%,KCB,"ESG팀, 02-6950-7538",http://www.shinhancard.com,15447000,"영업점,인터넷,스마트폰,전화(텔레뱅킹)",6.88%,8.72%,13.08%,16.63%,18.86%,-,-,-,,,,,,,0,0,0,0,0,0,0,100
12889,760116,IBK저축은행,일반신용대출,대출금리,11.67%,NICE,"영업기획부, 0517914393",http://www.ibksb.co.kr,15227900,"영업점,인터넷,스마트폰,모집인",6.16%,8.76%,13.22%,14.59%,15.22%,-,-,-,1.73,1.73,4.43,7.03,,,0,0,0,0,0,0,0,100
10016,WR0002F,대구은행,장기카드대출,대출금리,11.79%,"NICE,KCB","마케팅추진부, 053-740-2162              개연여신기획부, 053-740-2230",http://www.dgb.co.kr/dgb_ebz_main.jsp,15885050,"인터넷,스마트폰,전화(텔레뱅킹)",9.00%,9.70%,11.03%,13.76%,15.62%,17.26%,-,-,,,,,,,0,0,0,0,0,0,0,100
10006,WR0002F,한국씨티은행,장기카드대출,대출금리,12.23%,KCB,수신상품부 02-2004-1274 씨티비즈/모기지부 02-2004-2249 UPL부 02-2004-2467,https://www.citibank.co.kr/,15887000,"인터넷,스마트폰",8.08%,11.08%,11.87%,13.83%,16.16%,17.90%,-,13.90%,,,,,,,0,0,0,0,0,0,0,100
10268,WR0001F,하나캐피탈㈜,일반신용대출,대출금리,12.26%,NICE,"E-BIZ사업팀, 02-2037-1977",http://www.hanacapital.co.kr,15997942,"영업점,인터넷,스마트폰,모집인,전화(텔레뱅킹)",10.28%,10.99%,12.81%,13.11%,13.72%,-,-,-,,,,,,,0,0,0,0,0,0,0,100
11797,WR0001F,엔에이치농협캐피탈㈜,일반신용대출,대출금리,12.31%,KCB,"리테일금융팀, 02-3709-3546",http://www.nhcapital.co.kr/consumer/fi/csfipl01c.nh?main=2,16443700,"영업점,인터넷,스마트폰,모집인,전화(텔레뱅킹),기타",8.94%,10.70%,11.97%,13.48%,15.03%,14.87%,-,-,,,,,,,0,0,0,0,0,0,0,100
10359,760075,키움예스저축은행,일반신용대출,대출금리,12.42%,NICE,"전산회계팀, 0261811549",http://www.kiwoomyesbank.com,25582501,"인터넷,스마트폰,모집인",10.18%,10.87%,12.57%,14.73%,18.24%,-,-,-,1.98,1.98,8.2,8.89,,,0,0,0,0,0,0,0,100
10019,WR0002F,광주은행,장기카드대출,대출금리,12.50%,KCB,영업추진부 수신지원팀 062-239-5206          여신지원팀 062-239-6509카드사업부 062-239-6107,http://www.kjbank.com,15883388,"영업점,인터넷,스마트폰,전화(텔레뱅킹)",8.61%,10.99%,13.19%,15.50%,-,-,-,-,,,,,,,0,0,0,0,0,0,0,100
10229,WR0001F,신한카드㈜,일반신용대출,대출금리,12.56%,KCB,"ESG팀, 02-6950-7538",http://www.shinhancard.com,15447000,"인터넷,스마트폰,전화(텔레뱅킹)",7.12%,8.97%,12.07%,14.76%,16.37%,-,-,-,,,,,,,0,0,0,0,0,0,0,100
10456,760000,키움저축은행,일반신용대출,대출금리,12.59%,NICE,경영지원팀 0326505206,http://www.kiwoombank.com,16700077,"인터넷,스마트폰,모집인",9.99%,10.94%,12.47%,14.48%,16.79%,19.90%,-,-,2,2,7.99,8.94,,,0,0,0,0,0,0,0,100
13640,WR0002F,하나카드㈜,장기카드대출,대출금리,12.60%,KCB,"커뮤니케이션실, 02-6399-3122",https://www.hanacard.co.kr/,18001111,"인터넷,스마트폰,전화(텔레뱅킹),기타",11.57%,12.33%,13.01%,13.65%,14.08%,-,-,-,,,,,,,0,0,0,0,0,0,0,100
13127,75010,KB저축은행,일반신용대출,대출금리,12.67%,"NICE,KCB","영업추진부, 0221468227",http://www.kbsavings.com/,18990900,"인터넷,스마트폰,모집인,기타",8.62%,10.27%,11.80%,13.36%,15.27%,14.92%,-,-,2.02,2.02,6.6,8.25,,,0,0,0,0,0,0,0,100
12303,WR0001F,㈜디지비캐피탈,일반신용대출,대출금리,12.82%,KCB,"재무관리부,02-2193-7773",http://www.dgbfncapital.co.kr/,15660050,"인터넷,스마트폰,모집인,기타",8.71%,11.05%,13.19%,15.17%,16.54%,-,-,-,,,,,,,0,0,0,0,0,0,0,100
13361,WR0002F,㈜우리카드,장기카드대출,대출금리,12.85%,KCB,"카드금융부, 02-6968-3161 신금융영업부,02-6968-3141",https://pc.wooricard.com/dcpc/main.do,15779000,"영업점,인터넷,스마트폰,전화(텔레뱅킹),기타",8.93%,11.95%,14.32%,16.88%,19.57%,-,-,-,,,,,,,0,0,0,0,0,0,0,100
10228,WR0002F,삼성카드㈜,장기카드대출,대출금리,12.93%,KCB,"기획조사팀, 02-2172-7192",http://www.samsungcard.com,15888700,"인터넷,스마트폰,전화(텔레뱅킹)",9.25%,10.88%,13.91%,16.88%,18.52%,-,-,-,,,,,,,0,0,0,0,0,0,0,100
13175,WR0002F,농협은행주식회사,장기카드대출,대출금리,12.99%,KCB,"마케팅전략부, 02-2080-8787(여신), 8770(수신)",https://banking.nonghyup.com,16613000,"영업점,인터넷,스마트폰,전화(텔레뱅킹),기타",11.02%,11.29%,13.70%,16.59%,17.39%,-,-,-,,,,,,,0,0,0,0,0,0,0,100
13002,BNK2300,BNK저축은행,일반신용대출,대출금리,13.02%,NICE,"경영기획부, 0517131215",http://www.bnksb.com/,16449988,"영업점,인터넷,스마트폰",10.20%,12.14%,13.21%,13.66%,13.79%,-,-,-,1.82,1.82,8.38,10.32,,,0,0,0,0,0,0,0,100
10345,애큐온00020,애큐온저축은행,일반신용대출,대출금리,13.09%,KCB,"경영전략팀, 0234852522",http://www.acuonsb.co.kr,15886161,"영업점,인터넷,스마트폰,모집인,전화(텔레뱅킹),기타",10.54%,11.17%,12.04%,13.56%,14.57%,-,-,-,2.26,2.26,8.28,8.91,,,0,0,0,0,0,0,0,100
13361,WR0001F,㈜우리카드,일반신용대출,대출금리,13.17%,KCB,"카드금융부, 02-6968-3161 신금융영업부,02-6968-3141",https://pc.wooricard.com/dcpc/main.do,15779000,"인터넷,스마트폰,전화(텔레뱅킹)",9.44%,10.96%,13.33%,15.79%,19.12%,-,-,-,,,,,,,0,0,0,0,0,0,0,100
10225,WR0002F,현대카드㈜,장기카드대출,대출금리,13.39%,KCB,"기획조사팀, 02-2090-5028",http://www.hyundaicard.com/cpc/fi/CPCFI0101_01.hc,15776000,"인터넷,스마트폰,전화(텔레뱅킹)",11.54%,12.23%,13.78%,16.10%,19.20%,-,-,-,,,,,,,0,0,0,0,0,0,0,100
12627,WR0002F,㈜케이비국민카드,장기카드대출,대출금리,13.50%,KCB,"자금부, 02-6936-2281",https://customer.kbcard.com/CXCRSZZC0001.cms,15882788,"영업점,인터넷,전화(텔레뱅킹),기타",10.88%,12.27%,13.73%,15.62%,18.44%,16.96%,-,-,,,,,,,0,0,0,0,0,0,0,100
10024,WR0002F,경남은행,장기카드대출,대출금리,13.55%,KCB,"리테일금융부(대출 문의),055-290-8743마케팅추진부,055-290-8317",https://www.knbank.co.kr/ib20/mnu/FPMDPT020000000,16008585,"영업점,인터넷,스마트폰,전화(텔레뱅킹),기타",9.62%,13.31%,16.01%,17.10%,17.50%,-,-,-,,,,,,,0,0,0,0,0,0,0,100
10022,WR0002F,전북은행,장기카드대출,대출금리,13.55%,KCB,"영업추진부 수신지원팀,063-250-7041영업추진부 여신지원팀,063-250-7370",https://www.jbbank.co.kr/EFINANCE_MAIN.act,15884477,"영업점,인터넷,스마트폰",12.57%,11.72%,-,16.87%,16.56%,-,-,-,,,,,,,0,0,0,0,0,0,0,100
10259,WR0001F,롯데캐피탈㈜,일반신용대출,대출금리,13.65%,KCB,"경영혁신팀, 02-3456-0246",http://www.lottecap.com,15777700,"영업점,인터넷,스마트폰,모집인,전화(텔레뱅킹)",10.69%,12.14%,13.70%,14.54%,14.97%,-,-,-,,,,,,,0,0,0,0,0,0,0,100
10227,WR0001F,비씨카드㈜,일반신용대출,대출금리,13.78%,NICE,"영업기획팀, 02-520-4762",https://www.bccard.com/app/card/MainActn.do,15884000,"인터넷,스마트폰",7.28%,10.83%,14.21%,17.41%,19.52%,-,-,-,,,,,,,0,0,0,0,0,0,0,100
11767,JTPLOOOO,JT저축은행,일반신용대출,대출금리,13.82%,NICE,경영관리팀 0317880534,https://www.jt-bank.co.kr/,16888877,"영업점,인터넷,스마트폰,모집인,전화(텔레뱅킹)",10.71%,12.54%,13.88%,14.33%,14.94%,-,-,-,2.19,2.19,8.52,10.35,,,0,0,0,0,0,0,0,100
10255,WR0001F,우리금융캐피탈㈜,일반신용대출,대출금리,13.84%,NICE,"개인금융기획팀, 02-2017-5253",https://www.woorifcapital.com/portal/portalMain.do,15448600,"영업점,인터넷,스마트폰,모집인,전화(텔레뱅킹)",9.24%,12.04%,14.91%,16.99%,18.23%,-,-,-,,,,,,,0,0,0,0,0,0,0,100
13313,11111,신한저축은행,일반신용대출,대출금리,13.90%,KCB,공시담당: 전략기획부 02-2229-4019 예금문의: 1644-7777 대출문의: 1800-3651,http://www.shinhansavings.com,16447777,"영업점,인터넷,스마트폰,모집인,전화(텔레뱅킹)",8.72%,10.59%,14.69%,16.05%,17.88%,-,-,-,1.67,1.67,7.05,8.92,,,0,0,0,0,0,0,0,100
12627,WR0001F,㈜케이비국민카드,일반신용대출,대출금리,13.94%,KCB,"자금부, 02-6936-2281",https://customer.kbcard.com/CXCRSZZC0001.cms,15882788,"영업점,인터넷,스마트폰,전화(텔레뱅킹),기타",9.32%,10.58%,13.88%,15.31%,16.02%,-,-,-,,,,,,,0,0,0,0,0,0,0,100
11735,WR0001F,㈜애큐온캐피탈,일반신용대출,대출금리,13.96%,NICE,"Retail기획팀, 02-3475-5347",http://www.ktcapital.co.kr,15775511,"인터넷,스마트폰,모집인",11.76%,12.48%,14.23%,15.30%,-,-,-,-,,,,,,,0,0,0,0,0,0,0,100
10271,WR0001F,현대캐피탈㈜,일반신용대출,대출금리,14.02%,KCB,"정책지원팀, 02-2090-5028",https://www.hyundaicapital.com/main/main/CPMNMN0101.hc,15882114,"인터넷,스마트폰,모집인,전화(텔레뱅킹)",10.54%,12.18%,14.21%,15.84%,16.74%,17.65%,-,-,,,,,,,0,0,0,0,0,0,0,100
13308,JTCSB760622,JT친애저축은행,일반신용대출,대출금리,14.09%,NICE,경영기획부 0221739225,http://www.jtchinae-bank.co.kr/,15990060,"영업점,인터넷,스마트폰,모집인,전화(텔레뱅킹)",12.90%,13.40%,13.87%,14.95%,16.65%,-,-,-,1.87,1.87,11.03,11.53,,,0,0,0,0,0,0,0,100
10537,SJ0001,한국투자저축은행,일반신용대출,대출금리,14.10%,NICE,"영업추진팀, 031-788-0307",https://sb.koreainvestment.com,15776333,"영업점,인터넷,스마트폰,모집인,전화(텔레뱅킹)",11.05%,11.95%,14.22%,16.16%,17.60%,14.60%,-,-,1.25,1.25,9.8,10.7,,,0,0,0,0,0,0,0,100
10226,WR0001F,롯데카드㈜,일반신용대출,대출금리,14.18%,KCB,"기획조사팀, 02-2050-1134",http://www.lottecard.co.kr,15888100,"인터넷,스마트폰,전화(텔레뱅킹),기타",12.39%,13.04%,13.70%,17.59%,19.13%,19.90%,-,-,,,,,,,0,0,0,0,0,0,0,100
10267,WR0001F,제이비우리캐피탈㈜,일반신용대출,대출금리,14.38%,KCB,"경영기획팀, 02-2189-2348",http://www.wooricap.com/,16882300,"인터넷,스마트폰,모집인,전화(텔레뱅킹)",11.01%,11.66%,13.27%,15.31%,16.71%,19.36%,-,-,,,,,,,0,0,0,0,0,0,0,100
10026,WR0002F,중소기업은행,장기카드대출,대출금리,14.38%,KCB,개인고객부(개인수신) 02-729-7466 개인여신부(개인여신) 02-2031-5680,http://www.ibk.co.kr,15662566,"인터넷,스마트폰,전화(텔레뱅킹),기타",11.63%,12.99%,14.25%,15.38%,18.01%,-,-,-,,,,,,,0,0,0,0,0,0,0,100
10534,WR0001G,스마트저축은행,일반신용대출,대출금리,14.55%,NICE,"금융소비자보호팀, 070-4364-9605",http://www.smartbank.co.kr/,16613651,"영업점,인터넷,스마트폰,모집인,전화(텔레뱅킹)",12.37%,13.37%,14.82%,16.63%,17.82%,-,-,16.00%,2.01,2.01,10.36,11.36,,,0,0,0,0,0,0,0,100
10471,760101,페퍼저축은행,일반신용대출,대출금리,14.59%,NICE,공시담당자 03180159281 예금담당자 03180159344 대출문의 15990722,http://www.pepperbank.kr/index.do,15990722,"영업점,인터넷,스마트폰,모집인,전화(텔레뱅킹)",8.89%,10.37%,15.19%,16.64%,17.83%,19.40%,-,-,1.94,1.94,6.95,8.43,,,0,0,0,0,0,0,0,100
12452,WR0001F,비엔케이캐피탈㈜,일반신용대출,대출금리,14.83%,NICE,"전략기획부,051-665-1067",http://www.bnkcapital.co.kr,15772280,"영업점,인터넷,스마트폰,모집인,전화(텔레뱅킹)",14.31%,14.44%,14.87%,15.33%,-,-,-,-,,,,,,,0,0,0,0,0,0,0,100
10370,151014,SBI저축은행,일반신용대출,대출금리,14.96%,NICE,"리테일마케팅팀, 02-3416-4269 (소비자 문의는 고객센터 1566-2210, 1644-5277(사이다 상품 전용)로 부탁드리겠습니다)",http://www.sbisb.co.kr,15662210,"인터넷,스마트폰,모집인,전화(텔레뱅킹)",12.16%,13.59%,15.11%,15.88%,16.58%,17.50%,-,-,2.62,2.62,9.54,10.97,,,0,0,0,0,0,0,0,100
10250,WR0001F,케이비캐피탈㈜,일반신용대출,대출금리,14.99%,NICE,"전략기획부,02-3475-3176",http://www.kbcapital.co.kr,15441200,"영업점,인터넷,스마트폰,모집인,전화(텔레뱅킹)",11.85%,14.07%,16.08%,16.75%,18.86%,-,-,-,,,,,,,0,0,0,0,0,0,0,100
10388,D1,유진저축은행,일반신용대출,대출금리,15.00%,NICE,"전략기획팀, 02-6445-6310",http://www.eugenebank.com,15446700,"영업점,인터넷,스마트폰,모집인,전화(텔레뱅킹)",13.69%,14.29%,15.09%,15.81%,17.08%,19.90%,19.18%,-,2.31,2.31,11.38,11.98,,,0,0,0,0,0,0,0,100
13166,01월 01일,하나저축은행,일반신용대출,대출금리,15.38%,NICE,리테일금융부 0222302815,http://www.hanasavings.com,18991122,스마트폰,11.99%,14.36%,15.64%,16.93%,18.28%,-,-,-,2.6,2.6,9.39,11.76,,,0,0,0,0,0,0,0,100
10226,WR0002F,롯데카드㈜,장기카드대출,대출금리,15.43%,KCB,"기획조사팀, 02-2050-1134",http://www.lottecard.co.kr,15888100,"인터넷,스마트폰,전화(텔레뱅킹),기타",13.43%,14.12%,15.46%,17.67%,18.00%,-,-,-,,,,,,,0,0,0,0,0,0,0,100
11923,WR0001F,에이캐피탈㈜,일반신용대출,대출금리,15.48%,"NICE,KCB","영업지원팀,02-6388-0167",http://www.jt-capital.co.kr,15667799,"영업점,인터넷,모집인",13.12%,13.39%,15.45%,17.72%,18.08%,-,-,-,,,,,,,0,0,0,0,0,0,0,100
10245,WR0001F,한국캐피탈㈜,일반신용대출,대출금리,15.68%,NICE,"경영기획팀, 02-6206-0143",http://www.hankookcapital.co.kr/,62060077,"영업점,인터넷,스마트폰,모집인,전화(텔레뱅킹),기타",15.08%,15.67%,15.70%,15.82%,15.73%,-,-,-,,,,,,,0,0,0,0,0,0,0,100
10390,10390,고려저축은행,일반신용대출,대출금리,15.75%,NICE,"영업기획팀,051-640-9086",http://www.goryosb.co.kr,18779900,"인터넷,스마트폰,모집인,전화(텔레뱅킹)",12.37%,13.89%,16.23%,16.78%,17.86%,-,16.46%,-,2.33,2.33,10.04,11.56,,,0,0,0,0,0,0,0,100
10430,760909,모아저축은행,일반신용대출,대출금리,15.91%,NICE,"기획실, 0324303322",http://www.moasb.co.kr/,324303300,"인터넷,스마트폰,모집인,전화(텔레뱅킹)",14.44%,15.63%,15.67%,16.41%,17.86%,-,-,-,2.12,2.12,12.32,13.51,,,0,0,0,0,0,0,0,100
10488,760268,우리금융저축은행,일반신용대출,대출금리,15.91%,KCB,예금및대출문의 : 2023-1183 (리스크관리부),http://www.woorisavingsbank.com,15990038,"인터넷,스마트폰,모집인",12.67%,15.21%,15.61%,15.95%,16.22%,15.56%,-,16.35%,2.1,2.1,10.57,13.11,,,0,0,0,0,0,0,0,100
11551,760367,예가람저축은행,일반신용대출,대출금리,16.12%,NICE,"경영기획팀, 공시담당:0269067086, 상품문의:1877-7788",http://www.yegaramsb.co.kr/,18777788,"영업점,인터넷,스마트폰,모집인,전화(텔레뱅킹),기타",15.37%,13.15%,15.72%,17.37%,18.52%,-,-,-,2.3,2.3,13.07,10.85,,,0,0,0,0,0,0,0,100
12840,1,대신저축은행,일반신용대출,대출금리,16.48%,NICE,"업무지원부, 02-519-8240 예적금문의 1644-5600",http://bank.daishin.com,16445600,"인터넷,스마트폰,모집인,전화(텔레뱅킹)",12.96%,14.56%,16.83%,17.38%,19.11%,-,-,-,1.98,1.98,10.98,12.58,,,0,0,0,0,0,0,0,100
10349,401,디비저축은행,일반신용대출,대출금리,16.51%,NICE,경영관리팀 0237051700,http://www.idbsb.com/,237051700,스마트폰,15.07%,14.87%,16.51%,17.00%,-,-,-,-,2.05,2.05,13.02,12.82,,,0,0,0,0,0,0,0,100
10574,cheil009,동원제일저축은행,일반신용대출,대출금리,16.53%,NICE,"영업부,070-5224-3639",http://dongwonjeilbank.kr/,15448811,"영업점,인터넷,스마트폰,모집인,전화(텔레뱅킹)",15.10%,16.34%,16.57%,16.68%,-,-,-,-,2.21,2.21,12.89,14.13,,,0,0,0,0,0,0,0,100
10419,760096,인성저축은행,일반신용대출,대출금리,16.71%,NICE,경영기획부 032-865-3911,http://www.insungsavingsbank.co.kr,328653911,"인터넷,스마트폰,모집인",16.14%,15.74%,17.34%,17.63%,-,-,-,-,2.3,2.3,13.84,13.44,,,0,0,0,0,0,0,0,100
10358,760000,ES저축은행,일반신용대출,대출금리,16.75%,NICE,경영기획 18338889,http://www.essb.co.kr,18338889,"인터넷,스마트폰,모집인,전화(텔레뱅킹)",15.03%,15.73%,16.71%,17.19%,16.79%,-,-,-,2.27,2.27,12.76,13.46,,,0,0,0,0,0,0,0,100
10576,760059,진주저축은행,일반신용대출,대출금리,16.77%,NICE,"영업지원팀, 0518051443",http://www.jinjubank.net,18770030,"영업점,인터넷,모집인",-,16.22%,16.76%,16.99%,16.99%,-,-,-,,1.87,,14.35,,,0,0,0,0,0,0,0,100
10560,C614010,참저축은행,일반신용대출,대출금리,16.77%,NICE,"경영기획팀, 053-720-7339",http://www.charmbank.co.kr/goods/deposit_01View.do,537207300,"인터넷,스마트폰,모집인",-,16.05%,16.81%,16.87%,-,-,-,-,,2.3,,13.75,,,0,0,0,0,0,0,0,100
10346,71371,OSB저축은행,일반신용대출,대출금리,16.81%,NICE,(예/적금) 고객지원팀 1644-0052 (공시) 위험관리팀 02-3479-6609,http://osb.co.kr/ib20/mnu/HOM00001,16440052,"인터넷,스마트폰,모집인,전화(텔레뱅킹)",12.24%,16.18%,16.71%,17.61%,16.89%,19.50%,-,-,1.97,1.97,10.27,14.21,,,0,0,0,0,0,0,0,100
10240,WR0001F,오케이캐피탈 ㈜,일반신용대출,대출금리,17.01%,NICE,"경영관리팀, 02-2149-7348",https://www.okaycapital.co.kr,15775001,"영업점,인터넷,스마트폰,모집인,전화(텔레뱅킹),기타",10.55%,14.68%,18.60%,19.51%,19.95%,-,-,-,,,,,,,0,0,0,0,0,0,0,100
13351,761110,OK저축은행,일반신용대출,대출금리,17.12%,NICE,경영기획부 02-3704-9512,http://www.oksavingsbank.com/,18997979,"영업점,인터넷,스마트폰,모집인,전화(텔레뱅킹),기타",15.22%,15.76%,17.32%,18.38%,18.88%,19.53%,19.99%,-,2.14,2.14,13.08,13.62,,,0,0,0,0,0,0,0,100
13350,2275101072,웰컴저축은행,일반신용대출,대출금리,17.36%,NICE,"경영기획팀 0262111082, 예적금문의 16619400, 대출문의 16610001",http://www.welcomebank.co.kr/,16610001,"인터넷,스마트폰,모집인,전화(텔레뱅킹)",11.82%,15.18%,17.02%,18.32%,18.79%,19.75%,19.90%,19.90%,2.12,2.12,9.7,13.06,,,0,0,0,0,0,0,0,100
10492,76-0023,한성저축은행,일반신용대출,대출금리,17.46%,NICE,"기획부, 043-730-0534",http://www.hsbank.co.kr/,15442115,"영업점,인터넷,모집인",14.00%,16.00%,17.95%,18.00%,-,-,-,-,1.96,1.96,12.04,14.04,,,0,0,0,0,0,0,0,100
10468,760101,세람저축은행,일반신용대출,대출금리,17.64%,NICE,"기획팀, 031-822-1623",http://www.serambank.co.kr,15886781,"영업점,인터넷,스마트폰,모집인,전화(텔레뱅킹)",16.90%,16.42%,15.92%,16.27%,16.65%,-,17.89%,-,1.94,1.94,14.96,14.48,,,0,0,0,0,0,0,0,100
10526,760000,대한저축은행,일반신용대출,대출금리,17.68%,NICE,"영업1본부, 062-527-5701",http://www.daehanbank.co.kr,625275701,"영업점,인터넷,모집인",-,16.62%,17.18%,17.35%,17.03%,-,17.89%,19.90%,,2.3,,14.32,,,0,0,0,0,0,0,0,100
10489,760011,청주저축은행,일반신용대출,대출금리,17.76%,NICE,"(총무팀,043-251-0715)",http://www.cheongjubank.com,432569114,"영업점,인터넷,모집인",15.84%,18.09%,19.34%,-,-,-,-,-,2.77,2.77,13.07,15.32,,,0,0,0,0,0,0,0,100
10521,312,스타저축은행,일반신용대출,대출금리,18.60%,NICE,융자부 0632776611,http://www.estarbank.co.kr,632771311,인터넷,9.70%,13.95%,17.76%,19.32%,19.70%,19.70%,-,-,2.3,2.3,7.4,11.65,,,0,0,0,0,0,0,0,100
13202,WR0001F,메리츠캐피탈㈜ ,일반신용대출,대출금리,18.66%,KCB,"개인금융팀,02-6971-3885",http://www.meritzcapital.com,63093700,"모집인,전화(텔레뱅킹)",13.77%,15.50%,17.63%,19.47%,19.80%,-,-,-,,,,,,,0,0,0,0,0,0,0,100
10508,1000,상상인플러스저축은행,일반신용대출,대출금리,18.71%,NICE,"경영기획팀, 0419012717",http://www.sangsanginplussb.com,16002100,모집인,17.28%,18.54%,18.79%,18.87%,-,-,-,-,2.01,2.01,15.27,16.53,,,0,0,0,0,0,0,0,100
12120,760109,삼호저축은행,일반신용대출,대출금리,19.07%,NICE,"경영관리부,063-900-2012",http://samhosb.co.kr,15880568,"영업점,인터넷,모집인",16.06%,18.48%,19.29%,19.95%,-,-,-,-,2.6,2.6,13.46,15.88,,,0,0,0,0,0,0,0,100
10467,760051,융창저축은행,일반신용대출,대출금리,19.50%,NICE,"경영기획팀, 02-2610-8049",http://www.ycbank.co.kr/,226850001,"영업점,인터넷,스마트폰,모집인",-,-,19.50%,19.50%,-,-,-,-,,,,,,,0,0,0,0,0,0,0,100
