BankName,CbName,ProductName,Credit1To3AveRate,Credit1To3LowRate,Credit1To3HighRate,Credit4AveRate,Credit4LowRate,Credit4HighRate,Credit5AveRate,Credit5LowRate,Credit5HighRate,Credit6AveRate,Credit6LowRate,Credit6HighRate,Credit7AveRate,Credit7LowRate,Credit7HighRate,Credit8To10AveRate,Credit8To10LowRate,Credit8To10HighRate,Credit7To10AveRate,Credit7To10LowRate,Credit7To10HighRate,CrdtScr300BlwHighRate,CrdtScr300BlwAveRate,CrdtScr300BlwLowRate,JoinRequirement,LoanLimitAve,Owner,LoanBudea,JoinLocation,LoanLimit,SubmitMonth,SubmitQuarter,직업,학습,건강,관계,주거,사회참여,여가,재무,연소득(단위:만),"제한(1:제한,0:제한없음)"
BNK,NICE,사잇돌2,11.49,11.49,11.49,10.51,9.38,12.09,11.25,9.38,15.78,11.08,10.25,12.03,,,,,,,,,,,,,"ㅇ 급여소득자 : 현재 직장 재직기간 5개월이상, 연소득 12백만원 이상인자
ㅇ 사업소득자 : 현재사업 영위기간 4개월 이상, 연소득 6백만원 이상인 자
ㅇ 연금소득자 : 연금수령 1회이상, 연소득 6백만원 이상인 자
ㅇ 채무조정졸업자 : 사잇돌2 소득기준 충족자 중 채무조정제도를 졸업한지 3년 이내인 자",9백만원,"경영기획부, 0517131215",없음,영업점,"최대 3,000만원 이내
(대상, 신용도 및 소득에 따라 차등 적용)",,,0,0,0,0,0,0,0,100,1200,0
BNK,NICE,마이론,10.81,7.9,14.62,12.99,7.9,19.4,13.26,7.4,19.4,13.63,10.4,19.4,13.76,11.86,15.19,,,,,,,,,,"ㅇ 소득증빙이 가능한 근로자
ㅇ 사업개시일로부터 1년이상 경과한 개인사업자(프리랜서)",15백만원,"경영기획부, 0517131215",없음,영업점+인터넷+스마트폰,"최대 1억5천만원 이내
(신용도 및 소득에 따라 차등적용)",,,0,0,0,0,0,0,0,100,,0
ES,NICE,ES니즈론,15.15,13.06,16.09,15.64,13.06,16.13,15.79,13.06,16.66,16,13.06,16.66,15.82,15.62,15.95,,,,,,,,,,"- 소득증빙 가능한 직장인 대상
- 만 20세 이상 내국인
- NICE 신용평점 350점 초과자",39백만원,영업 18338889,"인지세
- 5천만원 이하 없음
- 5천만원 초과 1억원 이하 : 7만원 (고객 및 저축은행 각 50% 부담, 고객 부담 3만5천원)",인터넷+스마트폰+모집인+전화(텔레뱅킹),대출한도는 고객의 신용평점과 당행의 여신취급기준에 따라 차등 적용 됩니다.,,,0,0,0,0,0,0,0,100,,0
ES,NICE,ES플러스론,,,,14.62,14.4,14.77,15.39,13.7,17.49,15.93,14.4,17.3,,,,,,,,,,,,,#NAME?,22백만원,영업 18338889,없음,전화(텔레뱅킹),대출한도는 고객의 신용평점과 당행의 여신취급기준에 따라 차등 적용 됩니다.,,,0,0,0,0,0,0,0,100,,0
IBK,NICE,i-빅론,7.45,5.7,12.97,10.09,5.7,16.47,13.31,7.76,18.97,15.18,10.34,18.97,15.13,14.44,15.97,,,,,,,,,,연소득 최소 24백만원이상 근로자를 대상으로 당행 CSS 평가 시스템에 의해 산출된 대출한도 및 금리에 의한 심사자 심사 방식을 통해 취급하는 중금리 근로자 신용대출 상품,15백만원,"영업기획부, 0517914393",-인지세:해당세액×50%(대출금액5천만원이하시 없음),영업점+인터넷+스마트폰+모집인,최대 100백만원,,,0,0,0,0,0,0,0,100,2400,0
IBK,NICE,사잇돌2대출,8.95,8.95,8.95,10.87,8.87,15.19,12.21,8.87,15.77,12.88,8.95,15.43,15.77,15.77,15.77,,,,,,,,,,"- 근로소득자:현 직장5개월이상 재직중이며, 연소득12백만원 이상인자
- 사업소득자:사업개시일로부터 4개월 이상 운영중이며, 연소득 6백만원 이상인자
- 연금수령자:연금1회 이상 수령 및 연소득6백만원 이상인자
*중복소득 인정:합산소득 기준으로 산정",9백만원,"영업기획부, 0517914393",#NAME?,영업점+인터넷+스마트폰+모집인,최대 30백만원,,,0,0,0,0,0,0,0,100,1200,0
IBK,NICE,i-패스트론,7.03,5.77,16.47,8.12,5.7,17.47,13.1,5.77,18.97,14.76,7.76,18.97,15.76,14.67,18.97,,,,,,,,,,연소득 최소 24백만원이상 근로자를 대상으로 당행 CSS 평가 시스템에 의해 산출된 대출한도 및 금리에 의한 심사자 심사 방식을 통해 취급하는 중금리 근로자 신용대출 상품,11백만원,"영업기획부, 0517914393",-인지세:해당세액×50%(대출금액5천만원이하시 없음),스마트폰,최대 100백만원,,,0,0,0,0,0,0,0,100,2400,0
JT,NICE신용정보,파라솔 K,10.62,5.8,12.6,11.72,10.9,14.7,12.33,10.9,15.2,12.37,10.9,15.2,13.91,12.8,15.2,,,,,,,,,,"- 직장인
- 소득증빙 가능한 만 25세 이상 내국인
- 대출한도 : 최소 2백만원 ~ 최대 1억원
- 대출기간 : 12개월 ~ 최장120개월 (12개월단위)",35백만원,경영관리팀 0317880534, - 인지세 : 해당세액 × 50%(대출금액 5천만원 이하시 없음),영업점+인터넷+스마트폰+모집인+전화(텔레뱅킹),"최소2백만원
~ 
최대1억원",,,0,0,0,0,0,0,0,100,,0
JT,NICE신용정보,파라솔 M,13.6,13.6,13.6,14.12,9.9,17.2,14.59,9.9,17.7,15.77,12.6,17.7,16.2,16.2,16.2,,,,,,,,,,"- 직장인
- 소득증빙 가능한 만25세 이상 내국인
- 대출한도 : 최소 2백만원 ~ 최대 5천만원
- 대출기간 : 12개월 ~ 최장 120개월(12개월단위)",31백만원,경영관리팀 0317880534, - 인지세 : 해당세액 × 50%(대출금액 5천만원 이하시 없음),스마트폰,"최소2백만원
~ 
최대 5천만원",,,0,0,0,0,0,0,0,100,,0
JT,NICE신용정보,파라솔 100,9.27,5.8,15,13.91,9.9,17.8,14.21,9.2,17.8,14.35,9.9,17.8,15.68,14.8,16.3,,,,,,,,,,"- 직장인, 프리랜서
- 소득증빙 가능한 만 19세 이상 내국인
- 대출한도 : 최소 2백만원 ~ 최대 1억원
- 대출기간 : 12개월 ~ 최장120개월 (12개월단위)",30백만원,경영관리팀 0317880534, - 인지세 : 해당세액 × 50%(대출금액 5천만원 이하시 없음),인터넷+스마트폰+전화(텔레뱅킹),"최소2백만원
~ 
최대 1억원",,,0,0,0,0,0,0,0,100,,0
JT,NICE신용정보,파라솔 S,11.21,10.6,11.8,12.05,9.2,17.4,13.43,9.2,17.4,14.24,9.2,17.4,14.47,11.6,17.4,17.4,17.4,17.4,,,,,,,"- 직장인
- 소득증빙 가능한 만25세 이상 내국인
- 대출한도 : 최소 2백만원 ~ 최대 1억원
- 대출기간 : 12개월 ~ 최장 120개월(12개월단위)",19백만원,경영관리팀 0317880534, - 인지세 : 해당세액 × 50%(대출금액 5천만원 이하시 없음),스마트폰,"최소2백만원
~ 
최대 1억원",,,0,0,0,0,0,0,0,100,,0
JT,NICE신용정보,파라솔 T,,,,13.89,12.49,14.66,15.49,14.59,18.61,16.52,15.4,17.63,17.33,17.33,17.33,,,,,,,,,,"- 직장인, 프리랜서
- 소득증빙 가능한 만 19세 이상 내국인
- 대출한도 : 최소 2백만원 ~ 최대 6천만원
- 대출기간 : 12개월 ~ 최장120개월 (12개월단위)",24백만원,경영관리팀 0317880534, - 인지세 : 해당세액 × 50%(대출금액 5천만원 이하시 없음),인터넷+스마트폰+전화(텔레뱅킹),"최소2백만원
~ 
최대 6천만원",,,0,0,0,0,0,0,0,100,,0
JT,NICE신용정보,파라솔 W,,,,13.32,11.4,16,14.19,9.2,17.2,13.29,9.2,16,15.6,15.6,15.6,,,,,,,,,,"- 직장인
- 소득증빙 가능한 만 19세 이상 내국인
- 대출한도 : 최소 2백만원 ~ 최대 1억원
- 대출기간 : 12개월 ~ 최장120개월 (12개월단위)",23백만원,경영관리팀 0317880534, - 인지세 : 해당세액 × 50%(대출금액 5천만원 이하시 없음),영업점+인터넷+스마트폰+모집인+전화(텔레뱅킹),"최소2백만원
~ 
최대 1억원",,,0,0,0,0,0,0,0,100,,0
JT친애,NICE,원더풀 WOW론,13.07,11.9,15.2,13.28,11.9,18.5,13.62,11.9,18.5,14.32,11.9,18.5,15.27,12.8,18.5,14.8,14.8,14.8,,,,,,,"연소득1,800만원 이상의 직장인, 프리랜서",22백만원,경영기획부 0221739225,없음,영업점+인터넷+스마트폰+모집인+전화(텔레뱅킹),신용도 및 소득대비 원리금 상환 수준(DSR)에 따라 차등 부여,,,0,0,0,0,0,0,0,100,1800,0
JT친애,NICE,원더풀 채무통합론,,,,13.22,11.9,18.4,13.38,11.9,18.4,13.68,11.9,18.4,13.97,13,18.4,0,0,0,,,,,,,"연소득1,800만원 이상의 직장인, 프리랜서",30백만원,경영기획부 0221739225,없음,영업점+인터넷+스마트폰+모집인+전화(텔레뱅킹),신용도 및 소득대비 원리금 상환 수준(DSR)에 따라 차등 부여,,,0,0,0,0,0,0,0,100,1800,0
KB,"NICE,KCB",KB사잇돌2,9.5,8.7,13.64,10.35,8.7,15.14,11.46,8.7,18.52,12.66,8.7,18.89,13.37,8.7,18.52,14.01,14.01,14.01,,,,,,,"- 직장인 : 소득증빙이 가능하며, 재직기간 5개월이상, 연소득 1,200만원 이상
- 자영업자: 소득증빙이 가능하며, 현 사업 영위기간 4개월이상, 연소득 6백만원 이상",8백만원,"영업추진부, 0221468227",없음,인터넷+스마트폰+모집인+기타,"최대 3,000만원",,,0,0,0,0,0,0,0,100,1200,0
KB,"NICE,KCB",kiwi파트너대출,8.26,5.9,12.08,9.6,5.9,17.25,10.19,5.9,17.25,11.46,5.9,17.25,13.18,9.48,17.25,15.27,12.97,17.25,,,,,,,"- 재직기간 7개월이상, 연소득 1,200만원 이상 직장인
- 소득증빙이 가능한 만23세 이상 내국인 중 우량기관의 소개를 통해 신청한 고객
- KCB 개인신용평점 475점 이상인 고객",17백만원,"영업추진부, 0221468227", - 인지세 : 해당세액 × 50%(대출금액 5천만원 이하시 없음),인터넷+스마트폰+기타,최저 300만원 ~ 최대 1억원,,,0,0,0,0,0,0,0,100,1200,0
KB,"NICE,KCB",kiwi비상금대출,12.81,9.79,15.9,13.31,9.55,17.72,13.53,8.9,19.4,14.64,9.79,19.4,15.28,12.1,18.67,16.37,14.21,17.9,,,,,,,"- 직업/소득에 관계없이 당사 개인신용평가 심사기준 충족고객
- KCB 개인신용평점 475점 이상인 고객",3백만원,"영업추진부, 0221468227",없음,인터넷+스마트폰+모집인+기타,최대 300만원,,,0,0,0,0,0,0,0,100,,0
KB,"NICE,KCB",kiwi전환대출,,,,,,,13.77,12.56,14.64,13.85,10.23,17.22,15.63,13.91,17.41,,,,,,,,,,"- 재직기간 7개월이상, 연소득 1,200만원 이상 직장인
- 소득증빙이 가능한 만23세 이상 내국인
- 타기관의 채무 대환을 목적으로 하는 고객
- KCB 개인신용평점 475점 이상인 고객",17백만원,"영업추진부, 0221468227",없음,인터넷+스마트폰+모집인+기타,"최저 300만원 ~ 최대 5,000만원",,,0,0,0,0,0,0,0,100,1200,0
KB,"NICE,KCB",kiwi중금리대출,7.93,5.9,18.66,9.6,5.9,18.99,11.35,5.9,19.4,13.22,5.9,19.4,15.04,6.23,19.4,15.55,12.35,19.29,,,,,,,"- KB저축은행 중금리 신용대출 대표상품
- 재직기간 3개월이상, 연소득 1,200만원 이상 직장인, 자영업자
- 소득증빙이 가능한 만20세 이상 내국인
- KCB 개인신용평점 475점 이상인 고객",17백만원,"영업추진부, 0221468227", - 인지세 : 해당세액 × 50%(대출금액 5천만원 이하시 없음),인터넷+스마트폰+모집인+기타,최저 300만원 ~ 최대 1억원,,,0,0,0,0,0,0,0,100,1200,0
OK,NICE,OK한도우대론,15.06,5.9,19.1,14.89,5.9,19.1,14.67,5.9,19.1,14.66,5.9,17.8,15.58,12.9,16.6,,,,,,,,,,"만20세 이상/근무처 재직,사업자 운영 확인 및 소득증빙서류 제출이 가능한 직장인,자영업자,프리랜서/대부업 대출 미보유자 등",31백만원,"경영기획부
02-3704-9512","인지세-7만원(대출금액 5,000만 초과~1억 이하시)/고객 부담50%(35,000원)",인터넷+스마트폰+모집인+전화(텔레뱅킹)+기타,최대1억원,,,0,0,0,0,0,0,0,100,,0
OK,NICE,사잇돌,14.46,9.9,18.8,14.71,9.9,18.8,15.78,9.9,19.9,16,9.9,18.8,,,,,,,,,,,,,"만20세 이상/근무처 재직,사업자 운영 확인 및 소득증빙서류 제출이 가능한 직장인,자영업자,프리랜서 등",10백만원,"경영기획부
02-3704-9512",없음,영업점+인터넷+스마트폰+모집인+전화(텔레뱅킹)+기타,최대3천만원,,,0,0,0,0,0,0,0,100,,0
OK,NICE,OK한도우대론S,13.89,9.9,16.7,14.59,9.9,19.4,15.44,8.9,19.4,16.01,9.9,18.8,16.2,15.8,16.7,,,,,,,,,,"만20세 이상/근무처 재직,사업자 운영 확인 및 소득증빙서류 제출이 가능한 직장인,자영업자,프리랜서/대부업 대출 미보유자 등",15백만원,"경영기획부
02-3704-9512",없음,인터넷+스마트폰+모집인+전화(텔레뱅킹)+기타,최대4천만원,,,0,0,0,0,0,0,0,100,,0
OSB,NICE,오리치통합론,,,,15.8,14.4,17.8,16.19,14.4,17.8,16.59,14.9,17.8,,,,,,,,,,,,,만60세이하 급여소득자로서 당사 자체 신용평가시스템 심사기준 충족고객,50백만원,"(예/적금) 고객지원팀 1644-0052
(공시) 위험관리팀 02-3479-6609",인지세 : 해당세액 x 50%(대출금액 5천만원 이하시 없음),인터넷+스마트폰+모집인,최대 100백만원 이내,,,0,0,0,0,0,0,0,100,,0
OSB,NICE,오리치론1,13.34,9.9,15.9,14.19,8.5,15.9,14.16,8.5,15.9,14.49,8.5,15.9,14.39,9.9,15.9,,,,,,,,,,만60세이하 급여소득자로서 당사 자체 신용평가시스템 심사기준 충족고객,21백만원,"(예/적금) 고객지원팀 1644-0052
(공시) 위험관리팀 02-3479-6609",인지세 : 해당세액 x 50%(대출금액 5천만원 이하시 없음),인터넷+스마트폰+모집인,최대 100백만원 이내,,,0,0,0,0,0,0,0,100,,0
SBI,NICE,마이너스통장(사이다),9.62,6.9,10.8,10.02,9.3,11.8,10.64,9.4,11.8,11.07,9.9,11.8,,,,,,,,,,,,,#NAME?,14백만원,"리테일마케팅팀, 02-3416-4269 (소비자 문의는 고객센터 1566-2210, 1644-5277(사이다 상품 전용)로 부탁드리겠습니다)"," - 인지세 : 
고객, 금융회사 50%씩 부담
(5,000만원 이하는 해당사항없음)",스마트폰,최대 1억원까지,,,0,0,0,0,0,0,0,100,,0
SBI,NICE,SBI중금리(추가),10.5,10.5,10.5,10.45,7.9,12.5,10.62,7.3,12.5,10.81,7.9,12.5,10.5,10.5,10.5,,,,,,,,,,#NAME?,30백만원,"리테일마케팅팀, 02-3416-4269 (소비자 문의는 고객센터 1566-2210, 1644-5277(사이다 상품 전용)로 부탁드리겠습니다)"," - 인지세 : 
고객, 금융회사 50%씩 부담
(5,000만원 이하는 해당사항없음)",인터넷+스마트폰+전화(텔레뱅킹),최대 1억5천만원까지,,,0,0,0,0,0,0,0,100,,0
SBI,NICE,SBI중금리,11.25,5.9,14.3,11.72,9.5,14.3,12.34,9.5,14.3,12.81,10.9,14.3,12.85,12.3,14.3,,,,,,,,,,#NAME?,29백만원,"리테일마케팅팀, 02-3416-4269 (소비자 문의는 고객센터 1566-2210, 1644-5277(사이다 상품 전용)로 부탁드리겠습니다)"," - 인지세 : 
고객, 금융회사 50%씩 부담
(5,000만원 이하는 해당사항없음)",인터넷+스마트폰+모집인+전화(텔레뱅킹),최대 1억5천만원까지,,,0,0,0,0,0,0,0,100,,0
SBI,NICE,SBI중금리(대환),13.75,12.2,14.3,13.17,9.9,15.9,13.85,9.9,15.9,14.17,9.9,15.9,13.9,13,15.9,,,,,,,,,,#NAME?,28백만원,"리테일마케팅팀, 02-3416-4269 (소비자 문의는 고객센터 1566-2210, 1644-5277(사이다 상품 전용)로 부탁드리겠습니다)",없음,인터넷+스마트폰+모집인+전화(텔레뱅킹),최대 5천만원까지,,,0,0,0,0,0,0,0,100,,0
SBI,NICE,신용대출(사이다),10.03,9.6,10.8,10.15,9.6,10.8,10.69,9.6,11.8,11.18,9.9,11.8,,,,,,,,,,,,,- 중도상환 부담없이 APP 24시간 이용 가능한 신용대출,18백만원,"리테일마케팅팀, 02-3416-4269 (소비자 문의는 고객센터 1566-2210, 1644-5277(사이다 상품 전용)로 부탁드리겠습니다)"," - 인지세 : 
고객, 금융회사 50%씩 부담
(5,000만원 이하는 해당사항없음)",스마트폰,최대 1억원까지,,,0,0,0,0,0,0,0,100,,0
SBI,NICE,비상금대출(사이다),13.27,6.9,16.5,14.49,12,16.5,14.95,13.7,16.5,15.27,13.7,16.5,,,,,,,,,,,,,#NAME?,5백만원,"리테일마케팅팀, 02-3416-4269 (소비자 문의는 고객센터 1566-2210, 1644-5277(사이다 상품 전용)로 부탁드리겠습니다)",없음,스마트폰,최대 5백만원까지,,,0,0,0,0,0,0,0,100,,0
SBI,NICE,중금리신용대출(사이다),12.5,11.6,15.4,13.02,11.6,15.4,13.78,11.4,15.4,13.98,11.9,15.4,14.58,14.4,15.4,,,,,,,,,,- 서류제출 없이 편리하게 APP으로 24시간 이용 가능한 직장인을 위한 신용대출,17백만원,"리테일마케팅팀, 02-3416-4269 (소비자 문의는 고객센터 1566-2210, 1644-5277(사이다 상품 전용)로 부탁드리겠습니다)"," - 인지세 : 
고객, 금융회사 50%씩 부담
(5,000만원 이하는 해당사항없음)",스마트폰,최대 1억원까지,,,0,0,0,0,0,0,0,100,,0
SBI,NICE,SBI중금리(라이트),12.25,5.9,15.6,13.01,11.5,15.6,13.33,11.5,15.6,13.63,11.5,15.6,13.71,11.6,15.6,,,,,,,,,,#NAME?,23백만원,"리테일마케팅팀, 02-3416-4269 (소비자 문의는 고객센터 1566-2210, 1644-5277(사이다 상품 전용)로 부탁드리겠습니다)"," - 인지세 : 
고객, 금융회사 50%씩 부담
(5,000만원 이하는 해당사항없음)",인터넷+스마트폰+모집인+전화(텔레뱅킹),최대 1억원까지,,,0,0,0,0,0,0,0,100,,0
SBI,NICE,SBI중금리(라이트추가),15.3,15.3,15.3,12.91,6.9,16.1,13.51,6.9,16.1,13.95,7.9,16.1,14.29,10.8,16.1,,,,,,,,,,#NAME?,16백만원,"리테일마케팅팀, 02-3416-4269 (소비자 문의는 고객센터 1566-2210, 1644-5277(사이다 상품 전용)로 부탁드리겠습니다)"," - 인지세 : 
고객, 금융회사 50%씩 부담
(5,000만원 이하는 해당사항없음)",인터넷+스마트폰+전화(텔레뱅킹),최대 1억원까지,,,0,0,0,0,0,0,0,100,,0
SBI,NICE,SBI중금리(W),10.32,5,12.9,11.5,9,13.8,11.9,10,13.8,12.28,10.5,13.8,,,,,,,,,,,,,#NAME?,26백만원,"리테일마케팅팀, 02-3416-4269 (소비자 문의는 고객센터 1566-2210, 1644-5277(사이다 상품 전용)로 부탁드리겠습니다)"," - 인지세 : 
고객, 금융회사 50%씩 부담
(5,000만원 이하는 해당사항없음)",인터넷+스마트폰+모집인+전화(텔레뱅킹),최대 1억5천만원까지,,,0,0,0,0,0,0,0,100,,1
고려,NICE,생각대론E,14.21,13.4,17.45,14.4,11.44,17.77,16.53,12.28,17.77,16.88,12.28,17.77,17.65,17.45,17.77,,,,,,,,,," -만20세 이상 직장인, 프리랜서를 대상으로 무보증 최대 1억원까지지 대출가능",18백만원,"영업기획팀,051-640-9086", -인지세:5천만원 초과시 7만원 (고객 50% 부담),인터넷+스마트폰+모집인+전화(텔레뱅킹), -최대 1억원,,,0,0,0,0,0,0,0,100,,0
고려,NICE,대환론Ⅱ,,,,15.97,12.7,16.82,16.54,16.54,16.54,16.54,16.54,16.54,,,,,,,,,,,,," -저축은행, 캐피탈업권 우량고객을 대상으로 최대 4,000만원 까지 대출가능",26백만원,"영업기획팀,051-640-9086", -없음,인터넷+스마트폰+모집인+전화(텔레뱅킹)," -최대 4,000만원
(주부 최대 500만원)",,,0,0,0,0,0,0,0,100,,0
고려,NICE,더좋은론,,,,14.48,13.36,17.66,15.05,13.36,19.28,15.39,13.87,19.28,15.61,14.01,17.66,,,,,,,,,," -당행 보증부대출 이용고객을 대상으로 최대 4,000만원 까지 대출가능",17백만원,"영업기획팀,051-640-9086", -없음,인터넷+스마트폰+모집인+전화(텔레뱅킹)," -최대 4,000만원
(주부 최대 500만원)",,,0,0,0,0,0,0,0,100,,0
고려,NICE,더좋은니즈론(중),,,,14.41,11.01,17.66,15.14,11.01,17.66,15.48,13.87,17.66,15.85,15.4,17.66,,,,,,,,,," -당행 보증부대출 이용고객을 대상으로 최대 4,000만원 까지 대출가능",21백만원,"영업기획팀,051-640-9086", -없음,인터넷+스마트폰+모집인+전화(텔레뱅킹)," -최대 4,000만원
(주부 최대 500만원)",,,0,0,0,0,0,0,0,100,,0
대신,NICE,대신신용대출Ⅰ,13.67,8.91,17.04,14.22,8.91,19.49,15.88,8.91,19.49,16.45,13.74,19.49,17.04,17.04,17.04,,,,,,,,,,"소득증빙이 가능한 직장인, 프리랜서",27백만원,"업무지원부, 02-519-8240 예적금문의 1644-5600 ","*인지세 : 대출금 5천만원까지는 수입인지 비용이 없으며, 5천만원 초과시 대출금액별로 차등 부과 (각 50%씩 고객과 저축은행이 부담)",인터넷+스마트폰+모집인+전화(텔레뱅킹),대출금액 100만~ 1억원 이내,,,0,0,0,0,0,0,0,100,,0
동원제일,NICE CB등급 기준,"동원세이프론
(중금리)",,,,16.12,14.18,18.8,16.39,14.18,18.8,16.63,14.18,18.8,14.18,14.18,14.18,,,,,,,,,,"근로소득자: 재직기간 3개월 이상, 연소득 제한없음
프리랜서, 개인사업자: 재직기간 5개월이상, 연소득 제한없음",12백만원,"영업부,070-5224-3639",없음,인터넷+스마트폰+전화(텔레뱅킹),"최저 1,000,000원~최고 30,000,000원",,,0,0,0,0,0,0,0,100,,0
머스트삼일,NICE,사잇돌2,,,,,,,,,,13.9,13.9,13.9,,,,,,,,,,,,,"-소득증빙 가능한 직장인, 개인사업자, 연금소득 1회이상 수령한 자를 대상으로 하는 상품
-자격요건 : 5개월 이상 재직한 근로소득자, 6개월 이상 운영한 개인사업자, 연금 1회이상 수령자",5백만원,"경영지원팀, 054-275-4060",없음,영업점+인터넷+스마트폰+모집인+전화(텔레뱅킹),최고 2천만원,,,0,0,0,0,0,0,0,100,,0
모아,NICE,믿을론,13.57,5.9,16,14.79,11.6,18.6,15.41,11.6,19,16.09,11.6,18.6,17.13,14.8,18.6,,,,,,,,,,대출 신청일 현재 만 19세 이상이며 소득이 확인되는 자,13백만원,"기획실, 0324303322",없음,인터넷+스마트폰+모집인+전화(텔레뱅킹),"300만원이상 5,000만원 이하",,,0,0,0,0,0,0,0,100,,0
삼호,NICE,삼호스피드론Ⅱ,,,,8.77,8,9.78,9.71,8,11.75,11.25,11.25,11.25,,,,,,,,,,,,,"신용등급 1~8등급 개인, 개인사업자, 법인사업자",14백만원,"경영관리부,063-900-2012",없음,영업점,"최대 2,000만원(법인의 경우 최대 3,000만원)",,,0,0,0,0,0,0,0,100,,0
상상인,KCB,좋은상상_직장인중금리,8.63,5.99,12.99,9.42,6.99,12.99,11.35,7.79,16.99,14.12,7.79,17.99,16.05,15.99,16.9,,,,,,,,,,"- 만 19세 이상(최근 6개월이상 소득, 재직확인 가능자)",261백만원,"경영기획팀, 0316988142", - 인지세 : 해당세액 × 50%(대출금액 5천만원 이하시 없음),인터넷+스마트폰+모집인+전화(텔레뱅킹),1백만원~10천만원,,,0,0,0,0,0,0,0,100,,0
스마트,NICE,똑똑대출,11.87,9.95,16,12.97,8.68,17.48,13.88,8.68,17.48,14.81,8.68,17.48,,,,,,,,,,,,,"내국인 거주자, 성인, 직장인",1백만원,"금융소비자보호팀, 070-4364-9605",없음,모집인,최대 300만원,,,0,0,0,0,0,0,0,100,,0
신한,KCB신용평가,사잇돌2,10.11,9,16,10.61,9,16,12.25,9,16.5,13.56,9,17,14.37,9,17.5,16.03,14.5,17,,,,,,,"- 급여소득자 : 현직장 5개월 이상 & 연소득 12백만원 이상 
- 사업소득자 : 4개월 이상 사업영위 & 연소득 6백만원 이상
- 연금소득자 : 1개월 이상 연금 수 & 연소득 6백만원 이상",7백만원,"공시담당: 전략기획부 02-2229-4019
예금문의: 1644-7777
대출문의: 1800-3651",없음,영업점+인터넷+스마트폰+모집인+전화(텔레뱅킹),"100만원 ~ 3,000만원
(단, 보증서 보증금액 범위 내)",,,0,0,0,0,0,0,0,100,1200,0
신한,KCB신용평가,허그론,7,5.2,16.9,8.71,5.2,17.4,10.66,5.2,17.9,13.54,5.2,17.9,15.93,6.8,17.9,16.77,12.2,17.9,,,,,,,"- 제휴기관 거래고객으로 NICE 신용평점 590점 이상인 고객 중
- 현 직장 근속기간 만 3개월 이상 & 연소득 1,200만원 이상인 급여소득자 ",17백만원,"공시담당: 전략기획부 02-2229-4019
예금문의: 1644-7777
대출문의: 1800-3651",없음,영업점+인터넷+스마트폰+모집인+전화(텔레뱅킹),"100만원 ~ 5,000만원",,,0,0,0,0,0,0,0,100,1200,0
신한,KCB신용평가,참신한중금리,6.62,5.8,14.9,9.54,5.8,17.9,11.34,5.8,18.9,13.4,5.8,18.4,15.61,7.8,18.9,16.77,10.2,17.9,,,,,,,"- NICE 신용평점 590점 이상인 고객 중
- 현 직장 근속기간 만 3개월 이상 & 연소득 2,600만원 이상인 급여소득자 ",12백만원,"공시담당: 전략기획부 02-2229-4019
예금문의: 1644-7777
대출문의: 1800-3651",없음,영업점+인터넷+스마트폰+모집인+전화(텔레뱅킹),"100만원 ~5,000만원 ",,,0,0,0,0,0,0,0,100,2600,0
애큐온,KCB,애큐온중금리A,10.6,7.9,16.9,10.27,7.9,16.5,10.88,7.9,17.4,12.03,7.9,17.4,13.25,8.9,17.4,,,,,,,,,,"핀크,핀다 연계고객대상 365일 비대면 중금리대출상품",27백만원,"경영전략팀, 0234852522", - 인지세 : 해당세액 × 50%(대출금액 5천만원 이하시 없음)  ,스마트폰,최고 1억원,,,0,0,0,0,0,0,0,100,,0
애큐온,KCB,애큐온 프라임론,11.91,5.8,15.9,13.03,10.9,16.4,13.48,10.9,18.5,13.95,10.9,18.5,14.69,10.9,18.9,15.08,13.4,16.4,,,,,,,"재직기간 3개월 이상, 소득증빙이 가능한 직장인을 대상으로 방문없이 인터넷, 전화로 빠르게 대출 가능한 중금리신용대출상품",25백만원,"경영전략팀, 0234852522", - 인지세 : 해당세액 × 50%(대출금액 5천만원 이하시 없음)  ,인터넷+스마트폰+모집인+전화(텔레뱅킹),최고 1억원,,,0,0,0,0,0,0,0,100,,0
애큐온,KCB,애큐온 중금리환승론,,,,12.63,10.9,14.5,13.38,10.9,16.4,13.71,10.9,16.4,14.23,10.9,16.4,,,,,,,,,,재직기간 3개월이상인 소득증빙 가능한 직장인 중금리 채무환승론 상품,41백만원,"경영전략팀, 0234852522", - 인지세 : 해당세액 × 50%(대출금액 5천만원 이하시 없음)  ,인터넷+스마트폰+모집인+전화(텔레뱅킹),최고 1억원,,,0,0,0,0,0,0,0,100,,0
애큐온,KCB,"애큐온중금리
KP",9.58,7.9,11.4,9.81,7.9,16.9,10.42,7.9,17.4,11.6,7.9,17.4,13.1,7.9,16.9,,,,,,,,,,카카오페이 연계고객대상 365일 비대면 중금리대출상품,29백만원,"경영전략팀, 0234852522", - 인지세 : 해당세액 × 50%(대출금액 5천만원 이하시 없음)  ,스마트폰,최고 1억원,,,0,0,0,0,0,0,0,100,,0
애큐온,KCB,애큐온중금리T,9.76,7.9,12.9,10.48,7.9,16.9,10.89,7.9,17.4,11.96,7.9,17.4,13.13,8.9,17.4,,,,,,,,,,토스 연계고객대상 365일 비대면 중금리대출상품,29백만원,"경영전략팀, 0234852522", - 인지세 : 해당세액 × 50%(대출금액 5천만원 이하시 없음)  ,스마트폰,최고 1억원,,,0,0,0,0,0,0,0,100,,0
애큐온,KCB,애큐온중금리K,9.01,7.9,10.9,9.64,7.9,13.4,10.79,7.9,16.9,12.17,7.9,17.4,13.25,8.9,17.4,,,,,,,,,,카카오뱅크 연계고객대상 365일 비대면 중금리대출상품,26백만원,"경영전략팀, 0234852522", - 인지세 : 해당세액 × 50%(대출금액 5천만원 이하시 없음)  ,스마트폰,최고 1억원,,,0,0,0,0,0,0,0,100,,0
엠에스,NICE,사잇돌2,13.7,12.9,15.9,11.74,10.9,14.9,12.86,9.5,18.9,14.7,12.9,15.9,,,,,,,,,,,,,"- (근로소득)보증신청일 현재 5개월이상(유지) 재직자로서 연소득이 12백만원 이상,                (사업소득) 보증신청일 현재 4개월이상(유지) 사업소득 발생자로서 연소득이 6백만원 이상, (연금소득)보증신청일 현재 연금소득 1회 이상 수령자로서 연금소득이 연 6백만원 이상,  중복소득 인정",8백만원,"경영지원부,053-742-4411",없음,영업점+인터넷+스마트폰+모집인,- 최대 3천만원(보증한도 이내),,,0,0,0,0,0,0,0,100,1200,0
우리금융,KCB,비타WON,12.07,10,15.61,13.92,11.3,16.44,14.16,11.3,18.71,15.13,11.8,18.71,16.11,12.5,18.71,15.69,12.9,18.71,0,0,0,18.71,14.76,13.04,"만 20세이상 신용정상인 내국인
우리은행 온라인신청고객.
신용대출 부채가 연소득의 2배이하인 고객",13백만원,"예금및대출문의 : 2023-1183
(리스크관리부)","인지세
-5천만원 초과~1억원 이하 : 7만원(고객,저축은행 50% 부담)",인터넷+스마트폰,내부 등급별 차등 부여,,,0,0,0,0,0,0,0,100,,0
웰컴,NICE신용펑가,웰컴중금리대출,14.12,5.9,19.4,14.3,5.9,19.4,15.82,6.9,19.4,17.14,9.2,19.4,17.95,14.9,19.4,,,,,,,,,,"만 20세 이상 소득증빙 가능한 일반인(개인, 개인사업자)",14백만원,"경영기획팀 0262111082, 예적금문의 16619400, 대출문의 16610001",없음,인터넷+스마트폰+모집인+전화(텔레뱅킹),#NAME?,,,0,0,0,0,0,0,0,100,,0
웰컴,NICE신용펑가,사잇돌2대출,9.68,8.9,10.9,13.74,10.9,15.9,17.3,8.9,18.9,19.08,14.9,19.4,19.4,19.4,19.4,,,,,,,,,,"현직장 5개월 이상 재직 중이며 연소득 12백만원 이상의 직장인, 현사업 영위기간 4개월 이상이며 연소득 6백만원 이상의 사업소득자, 연금소득 1회이상 수령하였으며 연소득 8백만원 이상의 연금소득자",8백만원,"경영기획팀 0262111082, 예적금문의 16619400, 대출문의 16610001",없음,인터넷+스마트폰+모집인+전화(텔레뱅킹),#NAME?,,,0,0,0,0,0,0,0,100,1200,0
웰컴,NICE신용펑가,웰뱅비상금대출,10.17,7.9,12.9,7.9,7.9,7.9,14.16,10.9,16.9,15.3,12.9,16.9,14.9,14.9,14.9,,,,,,,,,,"만 20세 이상인 직업, 소득에 관계없이 개인신용평가 심사기준을 충족한 고객을 대상으로 하는 상품",1백만원,"경영기획팀 0262111082, 예적금문의 16619400, 대출문의 16610001",없음,스마트폰,최대 300만원,,,0,0,0,0,0,0,0,100,,0
유진,NICE,나오론M,13.16,9.8,17.1,13.4,8.8,17.1,14.1,10.3,17.6,14.77,10.3,17.1,15.98,12.8,17.1,,,,,,,,,,"-직장인
-재직 3개월 이상
-소득증빙 가능자",24백만원,"전략기획팀, 02-6445-6310",없음,영업점+인터넷+스마트폰+전화(텔레뱅킹),CSS 산출,,,0,0,0,0,0,0,0,100,,0
유진,NICE,비상금,13.98,13.1,15.9,14.98,13.1,17.6,15.37,13.1,17.6,15.77,13.5,17.6,,,,,,,,,,,,,#NAME?,3백만원,"전략기획팀, 02-6445-6310",없음,영업점+인터넷+스마트폰+전화(텔레뱅킹),CSS 산출,,,0,0,0,0,0,0,0,100,,0
유진,NICE,나오론G,14.91,11.9,15.8,14.59,11.9,17.1,14.9,12,17.1,15,12,16.6,,,,,,,,,,,,,"-직장인
-재직 3개월 이상
-연소득 24백만원 이상",30백만원,"전략기획팀, 02-6445-6310",없음,영업점+인터넷+스마트폰+모집인+전화(텔레뱅킹),CSS 산출,,,0,0,0,0,0,0,0,100,2400,0
유진,NICE,나오론V,14.6,13.5,16.6,15.11,13.2,16.8,15.22,13.1,17.1,15.25,13.2,16.6,,,,,,,,,,,,,"-직장인
-재직 3개월 이상
-연소득 24백만원 이상",27백만원,"전략기획팀, 02-6445-6310",없음,영업점+인터넷+스마트폰+전화(텔레뱅킹),CSS 산출,,,0,0,0,0,0,0,0,100,2400,0
유진,NICE,사잇돌2,12.05,8.7,14.4,14.13,13.4,16,14.28,13.4,17.1,14.13,13.4,14.9,,,,,,,,,,,,,"-급여소득자
-보증신청일 현재 5개월이상(유지)
-연소득 12백만원 이상",10백만원,"전략기획팀, 02-6445-6310",없음,영업점+인터넷+스마트폰+전화(텔레뱅킹),CSS 산출,,,0,0,0,0,0,0,0,100,1200,0
진주,NICE,해드림론,,,,15.99,15.99,15.99,16.09,14.1,16.99,16.51,15.68,16.99,15.68,15.68,15.68,,,,,,,,,," - 직군: 사대보험 가입자 및 미가입자
 - 재직기간: 6개월 이상(재직증명서 가능)
 - 연소득: 1,500만원 이상
 - 당행 보증부 대출사용 사용자",5백만원,"영업지원팀, 0518051443",대출금액에따라 차등적용 (최대 3% 이내),영업점+인터넷+모집인,최대 3천만원 이내에서 신용등급별 차등적용,,,0,0,0,0,0,0,0,100,1500,0
진주,NICE,더드림론,,,,15.88,14.29,16.99,16.13,14.1,16.99,16.24,14.1,16.99,16.99,16.99,16.99,,,,,,,,,," - 직군: 직장인, 프리랜서, 위탁계약직 등
 - 재직기간: 6개월 이상
 - 연소득: 2,000만원 이상",7백만원,"영업지원팀, 0518051443",대출금액에따라 차등적용 (최대 3% 이내),영업점+인터넷+모집인,최대 3천만원 이내에서 신용등급별 차등적용,,,0,0,0,0,0,0,0,100,2000,0
키움,NICE,키움중금리신용대출,10.2,8.9,12.8,11.52,8.9,18.4,12.62,7.9,18.4,14.7,8.9,18.4,15.83,14.4,17.4,,,,,,,,,,"- 재직3개월 이상 직장인 및 프리랜서(최저소득 1,200만원 이상)",35백만원,경영지원팀 0326505206,없음,인터넷+스마트폰+모집인,"최대 6,000만원 이내",,,0,0,0,0,0,0,0,100,1200,0
키움,NICE,"표준사잇돌
(사잇돌 2)",12,12,12,13.69,12,17,14.17,12,17,14.59,13,17,15,15,15,,,,,,,,,,"- 서울보증보험 보험증권 발급가능한 개인 및 개인사업자
- 급여소득자 : 재직5개월, 연소득12백만원 이상
- 사업소득자: 사업4개월, 연소득6백만원 이상
- 연금소득자: 연금수령 1회이상, 연소득 6백만원이상",10백만원,경영지원팀 0326505206,없음,인터넷+스마트폰+모집인,"최대 3,000만원(SGI 서울보증보험의 보증가능금액 이내)",,,0,0,0,0,0,0,0,100,1200,0
키움YES,NICE,키움YES히어로즈론(중금리),10.22,7.7,15.7,11.02,7.7,18.7,12.3,7.7,18.9,14.41,7.9,18.9,15.76,12.9,18.9,,,,,,,,,,"- 소득증빙이 가능한 근로소득자 및 사업소득자 대상
- 3개월 이상 재직 및 연간근로소득 1200만원 이상인 자
- 사업영위 4개월 이상 연소득 600만원 이상 사업소득자
- 당행 개인신용평가시스템(CSS)을 통과한 자",32백만원,"전산회계팀, 0261811549",없음,인터넷+스마트폰+모집인+전화(텔레뱅킹),고객 신용도에 따라 한도 차등 적용,,,0,0,0,0,0,0,0,100,1200,0
키움YES,NICE,사잇돌2,13.23,13,14,13.31,12,16,14.52,12,18,14.27,13,15,14,14,14,,,,,,,,,,"- SGI 서울보증보험 보험증권 발급 가능한 개인 및 개인사업자
- 재직 5개월 이상 연소득 1200만원 이상 근로소득자
- 사업영위 4개월 이상 연소득 600만원 이상 사업소득자
- 연금수령 1회 이상 연소득 600만원 이상 공적연금 수급자",10백만원,"전산회계팀, 0261811549",없음,인터넷+스마트폰+모집인+전화(텔레뱅킹),고객 신용도에 따라 한도 차등 적용,,,0,0,0,0,0,0,0,100,1200,0
페퍼,"NICE
신용평가",페퍼연계대출,7.34,6.9,12.6,8.68,6.9,19.2,12.86,6.9,19.4,15.61,6.9,19.4,19.11,15.7,19.4,,,,,,,,,,"- 대상 : 직장인
- 소득 : 12백만원이상
- 한도 : 최소 1백만원 ~ 최대 1억원까지
- 기간 : 최대 10년
- 가입방식 : 앱 전용",30백만원,"공시담당자 03180159281
예금담당자 03180159344
대출문의 15990722",인지세,스마트폰,최소 1백만원 ~ 최대 1억원,,,0,0,0,0,0,0,0,100,1200,0
페퍼,"NICE
신용평가",페퍼다이렉트론,13.77,11.1,18.2,14.86,7.9,19.3,15.3,6.9,19.3,15.74,7.9,19.3,13.91,9.9,18.2,,,,,,,,,,"- 대상 : 직장인 및 자유직업소득자(비 사업자), 전문직 자영업자 또는 추정소득을 통한 상환능력 확인이 가능한 자
- 소득 : 12백만원이상
- 한도 : 최소 1백만원 ~ 최대 1.5억원까지
- 기간 : 최대 10년",11백만원,"공시담당자 03180159281
예금담당자 03180159344
대출문의 15990722",인지세,인터넷+스마트폰+전화(텔레뱅킹),최소 1백만원 ~ 최대 1억5천만원,,,0,0,0,0,0,0,0,100,1200,0
페퍼,"NICE
신용평가",페퍼중금리신용대출,13.13,6.9,19.2,13.7,6.9,19.3,15.51,6.9,19.3,15.98,6.9,19.4,16.69,12.6,19.2,19.4,19.4,19.4,,,,,,,"- 대상 : 직장인 및 전문직 자영업자
- 소득 : 12백만원이상
- 한도 : 최소 1백만원 ~ 최대 1억원까지
- 기간 : 최대 10년",36백만원,"공시담당자 03180159281
예금담당자 03180159344
대출문의 15990722",인지세,영업점+모집인+전화(텔레뱅킹),최소 1백만원 ~ 최대 1억5천만원,,,0,0,0,0,0,0,0,100,1200,0
페퍼,"NICE
신용평가",페퍼루300,7.1,7.1,7.1,7.22,7.1,7.7,7.88,7.7,8,,,,,,,,,,,,,,,,"- 대상 : 직장인
- 소득 : 15백만원이상
- 한도 : 단일 3백만원
- 기간 : 1년(최장 5년까지 연장 가능)
- 상환방식 : 만기일시상환
- 가입방식 : 앱 전용",3백만원,"공시담당자 03180159281
예금담당자 03180159344
대출문의 15990722",없음,스마트폰,단일 3백만원,,,0,0,0,0,0,0,0,100,1500,0
페퍼,"NICE
신용평가",T다이렉트,,,,,,,11.7,11.7,11.7,,,,,,,,,,,,,,,,"- 대상 : 직장인
- 소득 : 15백만원이상
- 한도 : 최소 1백만원 ~ 최대 3천만원까지
- 기간 : 최대 7년
- 가입방식 : 앱 전용",25백만원,"공시담당자 03180159281
예금담당자 03180159344
대출문의 15990722",인지세,스마트폰,최소 1백만원 ~ 최대 3천만원,,,0,0,0,0,0,0,0,100,1500,0
하나,나이스신용평가,하나드림론,11.57,5.9,19.49,15.01,5.9,19.49,16.29,11.49,19.49,17.95,11.49,19.49,18.72,14.99,19.49,,,,,,,,,,"4대보험가입,재직기간 3개월이상, 건보3회이상 납부의 연소득 12백만원 이상인자 ",16백만원,리테일금융부 0222302815,없음,스마트폰+모집인,"최저 3백만원 ~ 최대 50백만원
 ",,,0,0,0,0,0,0,0,100,,0
하나,나이스신용평가,사잇돌2,13.25,12.5,18.5,14.33,11.5,19.49,15,12.5,19.49,15.31,12.8,19.49,15.96,13.5,17.5,,,,,,,,,,"근로소득자 : 보증신청일 현재 5개월 이상(유지) 재직자로 연소득이 15백만원 이상인 자

연소득 15백만원 이상인자",8백만원,리테일금융부 0222302815,"보험료납부 : 매월  대출잔액 x 보험료율 x 보증기간
보험료 납부: 일시납부(이연대출부대비용 처리)",스마트폰+모집인,"최저 1백만원 ~ 최대 30백만원
(단, 서울보증보험 승인금액 이내)
십만원 단위로 취급 ",,,0,0,0,0,0,0,0,100,1500,0
하나,나이스신용평가,하나슈퍼드림론,10.54,5.9,14.39,13.48,5.9,17.39,14.69,10.99,17.39,14.7,10.99,17.39,14.71,11.99,16.39,,,,,,,,,,"근로소득자 대상 3개월이상, 건보3회이상 납부
연소득 35백만원 이상인자",26백만원,리테일금융부 0222302815,없음,스마트폰+모집인,"최저 3백만원 ~
최대 1억원",,,0,0,0,0,0,0,0,100,3500,0
하나,나이스신용평가,하나이지론,13.55,13.5,15.5,14.29,13.5,18.5,14.8,13.5,18.5,14.86,13.5,18.5,,,,,,,,,,,,,"경제활동자(추정소득산출가능자) 
만 23세 이상 연소득 12백만원 이상인자",3백만원,리테일금융부 0222302815,"보험료납부 : 매월  대출잔액 x 보험료율 x 보증기간
보험료 납부: 일시납부(이연대출부대비용 처리)",스마트폰+모집인,최저 3백만원 ~ 최대 5백만원,,,0,0,0,0,0,0,0,100,1200,0
한국투자,NICE,살만한 퍼스트론,5.9,5.9,5.9,13.16,11.6,14.4,14.4,14.4,14.4,,,,,,,,,,,,,,,," - 직장인 대상
 - 대출한도 최대 1억원
 - 재직기간 3개월 이상
 - 연소득 2,000만원 이상
 - 교사, 공무원, 직업군인, 전문직, 상장회사, 코스닥, 외감법인 근무 재직자, 프리랜서 등",53백만원,"영업추진팀, 031-788-0307"," - 인지세의 50% 
   * 고객부담 인지세 : 5천만원초과~1억원 이하 (3만5천원) 
                           1억원 초과 ~10억 이하 (7만 5천원)",기타,최소 100만원 ~최대 1억원,,,0,0,0,0,0,0,0,100,2000,0
한국투자,NICE,살만한 플러스,,,,14.61,12.9,15.9,14.82,12.9,16.3,15.46,14.9,15.9,,,,,,,,,,,,," - 직장인 대상
 - 대출한도 최대 1억원
 - 재직기간 3개월 이상
 - 연소득 2,000만원 이상
 - 교사, 공무원, 직업군인, 전문직, 상장회사, 코스닥, 외감법인 근무 재직자, 프리랜서 등",37백만원,"영업추진팀, 031-788-0307"," - 인지세의 50% 
   * 고객부담 인지세 : 5천만원초과~1억원 이하 (3만5천원) 
                           1억원 초과 ~10억 이하 (7만 5천원)",영업점+인터넷+스마트폰+모집인+전화(텔레뱅킹),최소 100만원 ~최대 1억원,,,0,0,0,0,0,0,0,100,2000,0
한국투자,NICE,살만한 Truefriend,10.32,5.9,16.5,12.74,9.3,19.4,14.22,9.3,19.4,15.56,9.3,19.4,17.34,13.9,19.4,,,,,,,,,," - 직장인 대상
 - 대출한도 최대 1억원
 - 재직기간 3개월 이상
 - 연소득 2,000만원 이상
 - 교사, 공무원, 직업군인, 전문직, 상장회사, 코스닥, 외감법인 근무 재직자, 프리랜서 등",19백만원,"영업추진팀, 031-788-0307"," - 인지세의 50% 
   * 고객부담 인지세 : 5천만원초과~1억원 이하 (3만5천원) 
                           1억원 초과 ~10억 이하 (7만 5천원)",기타,최소 100만원 ~최대 1억원,202110,2021년 3분기,0,0,0,0,0,0,0,100,2000,0
