FinCoNo,FinPrdtCd,KorCoNm,FinPrdtNm,LoanLmt,RpayTypeNm,LendRateTypeNm,LendRateMin,LendRateMax,LendRateAvg,MonRepayAvg,ContactDepartment,HompUrl,CalTel,JoinWay,LoanInciExpn,ErlyRpayFee,DlyRate,직업,학습,건강,관계,주거,사회참여,여가,재무
10030,1,한국산업은행,산은 주택대출(생활자금),-LTV70%등,만기일시상환,변동금리,2.38%,3.18%,-,-,"(예금)여수신기획부, 02-787-6934(대출)네트워크지원실, 02-787-5639",http://www.kdb.co.kr,0215881500,기타,"*구입자금취급중단,기존주택담보대출고객에대한추가생활자금대출만취급-인지세:해당세액의50%-국민주택채권매입비용","-중도상환금액×중도상환수수료율*×(대출잔여일수÷대출기간**)*담보대출:고정금리1.2%,변동금리0.9%/신용대출:고정금리0.8%,변동금리0.5%**대출기간이3년을초과하는경우3년",대출금리+3%최고이자율:15%,0,0,0,0,50,0,0,50
10024,30002126,경남은행,집집마다 도움대출II,LTV70%이내,원금분할상환,변동금리,2.42%,3.71%,2.75%,"948,872","리테일금융부(대출 문의),055-290-8743마케팅추진부,055-290-8317",https://www.knbank.co.kr/ib20/mnu/FPMDPT020000000,16008585,"영업점,모집인",인지세:해당세액의50%(대출금5천만원미만시없음)국민주택채권매입비:대출금*110%*1%*채권할인율주택신보출연료(주택자금용도),"중도상환대출금*0.5~1.5%*대출잔여기간(취급후1년이내1.5%,취급후2년이내1%,취급후3년이내0.5%단,취급후3년경과시면제,최초취급액의10%면제)",대출금리+3.0%,0,0,0,0,50,0,0,50
10024,30002126,경남은행,집집마다 도움대출II,LTV70%이내,원리금분할상환,변동금리,2.42%,3.71%,2.75%,"954,110","리테일금융부(대출 문의),055-290-8743마케팅추진부,055-290-8317",https://www.knbank.co.kr/ib20/mnu/FPMDPT020000000,16008585,"영업점,모집인",인지세:해당세액의50%(대출금5천만원미만시없음)국민주택채권매입비:대출금*110%*1%*채권할인율주택신보출연료(주택자금용도),"중도상환대출금*0.5~1.5%*대출잔여기간(취급후1년이내1.5%,취급후2년이내1%,취급후3년이내0.5%단,취급후3년경과시면제,최초취급액의10%면제)",대출금리+3.0%,0,0,0,0,50,0,0,50
10024,30002126,경남은행,집집마다 도움대출II,LTV70%이내,만기일시상환,변동금리,2.61%,3.91%,3.10%,"1,091,666","리테일금융부(대출 문의),055-290-8743마케팅추진부,055-290-8317",https://www.knbank.co.kr/ib20/mnu/FPMDPT020000000,16008585,"영업점,모집인",인지세:해당세액의50%(대출금5천만원미만시없음)국민주택채권매입비:대출금*110%*1%*채권할인율주택신보출연료(주택자금용도),"중도상환대출금*0.5~1.5%*대출잔여기간(취급후1년이내1.5%,취급후2년이내1%,취급후3년이내0.5%단,취급후3년경과시면제,최초취급액의10%면제)",대출금리+3.0%,0,0,0,0,50,0,0,50
10006,CT001M,한국씨티은행,씨티주택담보대출,담보인정비율(LTV)최대70%,원금분할상환,변동금리,2.68%,3.38%,2.93%,"956,434",수신상품부 02-2004-1274 씨티비즈/모기지부 02-2004-2249 UPL부 02-2004-2467,https://www.citibank.co.kr/,15887000,영업점,1.인지세:해당세액의50%2.국민주택채권매입비용:대출금액×120%×1%×채권할인율3.화재보험료(아파트외물건지에한함),중도상환금액×중도상환수수료율×(대출잔여일수÷대출기간*)*대출기간이3년을초과하는경우3년*중도상환수수료율-변동금리대출:1.3%-고정금리대출:1.5%,약정이자율에연3%를가산(최고연체이자율:14.9%),0,0,0,0,50,0,0,50
10006,CT001M,한국씨티은행,씨티주택담보대출,담보인정비율(LTV)최대70%,원리금분할상환,변동금리,2.68%,3.38%,2.93%,"962,380",수신상품부 02-2004-1274 씨티비즈/모기지부 02-2004-2249 UPL부 02-2004-2467,https://www.citibank.co.kr/,15887000,영업점,1.인지세:해당세액의50%2.국민주택채권매입비용:대출금액×120%×1%×채권할인율3.화재보험료(아파트외물건지에한함),중도상환금액×중도상환수수료율×(대출잔여일수÷대출기간*)*대출기간이3년을초과하는경우3년*중도상환수수료율-변동금리대출:1.3%-고정금리대출:1.5%,약정이자율에연3%를가산(최고연체이자율:14.9%),0,0,0,0,50,0,0,50
10020,12107084,제주은행,제주홈대출,감정가의70%이내,만기일시상환,변동금리,2.78%,3.78%,-,-,"영업추진본부, 064-720-0287",https://e-jejubank.com,15880079,영업점,인지세50%주택채권매입비용,중도상환금액×1.3%×대출잔여일수/대출기간3년경과시면제,적용금리+3%최고적용15%,0,0,0,0,50,0,0,50
10633,300006,삼성화재해상보험주식회사,삼성주택,LTV30~70%,원금분할상환,변동금리,2.83%,4.46%,3.78%,"992,146","융자기획파트,02-758-7231대출상담,1588-7444",http://www.samsungfire.com,15885114,"영업점,인터넷,모집인",인지세(50%)주택채권매입비,"1,0%,1.2%,1.4%,1.5%중도상환금액×수수료율×잔여부과일/총부과일",대출금리+3%최고17%한도,0,0,0,0,50,0,0,50
10633,300006,삼성화재해상보험주식회사,삼성주택,LTV30~70%,원리금분할상환,변동금리,2.83%,4.46%,3.78%,"1,002,029","융자기획파트,02-758-7231대출상담,1588-7444",http://www.samsungfire.com,15885114,"영업점,인터넷,모집인",인지세(50%)주택채권매입비,"1,0%,1.2%,1.4%,1.5%중도상환금액×수수료율×잔여부과일/총부과일",대출금리+3%최고17%한도,0,0,0,0,50,0,0,50
10030,1,한국산업은행,산은 주택대출(생활자금),-LTV70%등,원리금분할상환,변동금리,2.94%,3.84%,-,-,"(예금)여수신기획부, 02-787-6934(대출)네트워크지원실, 02-787-5639",http://www.kdb.co.kr,0215881500,기타,"*구입자금취급중단,기존주택담보대출고객에대한추가생활자금대출만취급-인지세:해당세액의50%-국민주택채권매입비용","-중도상환금액×중도상환수수료율*×(대출잔여일수÷대출기간**)*담보대출:고정금리1.2%,변동금리0.9%/신용대출:고정금리0.8%,변동금리0.5%**대출기간이3년을초과하는경우3년",대출금리+3%최고이자율:15%,0,0,0,0,50,0,0,50
10030,1,한국산업은행,산은 주택대출(생활자금),-LTV70%등,원금분할상환,변동금리,2.94%,3.84%,-,-,"(예금)여수신기획부, 02-787-6934(대출)네트워크지원실, 02-787-5639",http://www.kdb.co.kr,0215881500,기타,"*구입자금취급중단,기존주택담보대출고객에대한추가생활자금대출만취급-인지세:해당세액의50%-국민주택채권매입비용","-중도상환금액×중도상환수수료율*×(대출잔여일수÷대출기간**)*담보대출:고정금리1.2%,변동금리0.9%/신용대출:고정금리0.8%,변동금리0.5%**대출기간이3년을초과하는경우3년",대출금리+3%최고이자율:15%,0,0,0,0,50,0,0,50
10020,12109121,제주은행,제주장기모기지론,감정가의70%이내,원리금분할상환,변동금리,2.99%,3.99%,3.35%,"981,847","영업추진본부, 064-720-0287",https://e-jejubank.com,15880079,영업점,인지세50%주택채권매입비용,중도상환금액×1.3%×대출잔여일수/대출기간3년경과시면제,적용금리+3%최고적용15%,0,0,0,0,50,0,0,50
10020,12109121,제주은행,제주장기모기지론,감정가의70%이내,원금분할상환,변동금리,2.99%,3.99%,3.35%,"974,080","영업추진본부, 064-720-0287",https://e-jejubank.com,15880079,영업점,인지세50%주택채권매입비용,중도상환금액×1.3%×대출잔여일수/대출기간3년경과시면제,적용금리+3%최고적용15%,0,0,0,0,50,0,0,50
10020,12107084,제주은행,제주홈대출,감정가의70%이내,원금분할상환,변동금리,2.99%,3.99%,3.19%,"967,358","영업추진본부, 064-720-0287",https://e-jejubank.com,15880079,영업점,인지세50%주택채권매입비용,중도상환금액×1.3%×대출잔여일수/대출기간3년경과시면제,적용금리+3%최고적용15%,0,0,0,0,50,0,0,50
10020,12107084,제주은행,제주홈대출,감정가의70%이내,원리금분할상환,변동금리,2.99%,3.99%,3.19%,"974,403","영업추진본부, 064-720-0287",https://e-jejubank.com,15880079,영업점,인지세50%주택채권매입비용,중도상환금액×1.3%×대출잔여일수/대출기간3년경과시면제,적용금리+3%최고적용15%,0,0,0,0,50,0,0,50
13909,0300175201101,하나은행,하나변동금리모기지론,담보별가용가범위내,만기일시상환,변동금리,3.14%,4.44%,-,-,가계수신(예금) 02-2002-1184(Daily Banking본부)가계여신(대출) 02-2002-1249(Borrowing본부),http://www.hanabank.com,15991111,"영업점,인터넷,모집인",1.인지세:50%2.근저당설정비중고객부담항목-주택채권매입비용등,"중도상환금액×[1.1(비거치),1.2%(거치)]×(대출잔여일수÷대출기간)※대출기간:대출약정일로최장3년",적용금리+3%(최고15%),0,0,0,0,50,0,0,50
10030,1,한국산업은행,산은 주택대출(생활자금),-LTV70%등,만기일시상환,고정금리,3.16%,3.96%,-,-,"(예금)여수신기획부, 02-787-6934(대출)네트워크지원실, 02-787-5639",http://www.kdb.co.kr,0215881500,기타,"*구입자금취급중단,기존주택담보대출고객에대한추가생활자금대출만취급-인지세:해당세액의50%-국민주택채권매입비용","-중도상환금액×중도상환수수료율*×(대출잔여일수÷대출기간**)*담보대출:고정금리1.2%,변동금리0.9%/신용대출:고정금리0.8%,변동금리0.5%**대출기간이3년을초과하는경우3년",대출금리+3%최고이자율:15%,0,0,0,0,50,0,0,50
14807,1167,수협은행,SH으뜸모기지론,담보인정비율(LTV)최대70%,원금분할상환,변동금리,3.20%,3.40%,3.40%,"976,181","개인금융부(수신), 02-2240-0391개인금융부(여신), 02-2240-0273",http://www.suhyup-bank.com,15881515,"영업점,모집인",1.인지세:해당세액의50%2.국민주택채권매입비용:대출금액X120%X1%X채권할인율3.화재보험료(아파트외물건지에한함),중도상환금액X수수료율*X(대출잔여일수/대출기간**)*1.2%(고정금리인경우1.4%)**대출기간이3년을초과하는경우3년,대출금리+연3%,0,0,0,0,50,0,0,50
14807,1167,수협은행,SH으뜸모기지론,담보인정비율(LTV)최대70%,원리금분할상환,변동금리,3.20%,3.40%,3.40%,"984,181","개인금융부(수신), 02-2240-0391개인금융부(여신), 02-2240-0273",http://www.suhyup-bank.com,15881515,"영업점,모집인",1.인지세:해당세액의50%2.국민주택채권매입비용:대출금액X120%X1%X채권할인율3.화재보험료(아파트외물건지에한함),중도상환금액X수수료율*X(대출잔여일수/대출기간**)*1.2%(고정금리인경우1.4%)**대출기간이3년을초과하는경우3년,대출금리+연3%,0,0,0,0,50,0,0,50
14807,1167,수협은행,SH으뜸모기지론,담보인정비율(LTV)최대70%,만기일시상환,변동금리,3.20%,3.40%,-,-,"개인금융부(수신), 02-2240-0391개인금융부(여신), 02-2240-0273",http://www.suhyup-bank.com,15881515,"영업점,모집인",1.인지세:해당세액의50%2.국민주택채권매입비용:대출금액X120%X1%X채권할인율3.화재보험료(아파트외물건지에한함),중도상환금액X수수료율*X(대출잔여일수/대출기간**)*1.2%(고정금리인경우1.4%)**대출기간이3년을초과하는경우3년,대출금리+연3%,0,0,0,0,50,0,0,50
10026,212010144,중소기업은행,IBK주택담보대출,LTV70%,만기일시상환,변동금리,3.24%,3.24%,2.81%,"1,067,500",개인고객부(개인수신) 02-729-7466 개인여신부(개인여신) 02-2031-5680,http://www.ibk.co.kr,15662566,"영업점,모집인",인지세:해당세액의50%국민주택채권매입비용:대출금액x120%x1%x채권할인률화재보험료(아파트외물건지에한함),"중도상환금액x수수료율*x(대출잔여일수÷대출기간)*고정금리1.2%,변동금리0.9%",대출금리+3.0%(최고연체이자율:11%),0,0,0,0,50,0,0,50
10927,KB200300000002,국민은행,KB주택담보대출변동(일반자금),LTV70%,만기일시상환,변동금리,3.29%,4.19%,3.33%,"1,110,833","(예금)수신상품부, 02-2073-5424(대출)개인여신부, 02-2073-5496",http://www.kbstar.com,15889999,"영업점,모집인",ㅇ인지세:해당세액의50%ㅇ국민주택채권매입:대출금액×120%×1%×채권할인율ㅇ화재보험료(아파트외물건지에한함),중도상환금액×1.2%×(대출잔여일수÷3년),대출금리+3.0%최고연체이자율:15%,0,0,0,0,50,0,0,50
13909,0300175201101,하나은행,하나변동금리모기지론,담보별가용가범위내,원리금분할상환,변동금리,3.34%,4.64%,3.35%,"981,847",가계수신(예금) 02-2002-1184(Daily Banking본부)가계여신(대출) 02-2002-1249(Borrowing본부),http://www.hanabank.com,15991111,"영업점,인터넷,모집인",1.인지세:50%2.근저당설정비중고객부담항목-주택채권매입비용등,"중도상환금액×[1.1(비거치),1.2%(거치)]×(대출잔여일수÷대출기간)※대출기간:대출약정일로최장3년",적용금리+3%(최고15%),0,0,0,0,50,0,0,50
13909,0300175201101,하나은행,하나변동금리모기지론,담보별가용가범위내,원금분할상환,변동금리,3.34%,4.64%,3.35%,"974,080",가계수신(예금) 02-2002-1184(Daily Banking본부)가계여신(대출) 02-2002-1249(Borrowing본부),http://www.hanabank.com,15991111,"영업점,인터넷,모집인",1.인지세:50%2.근저당설정비중고객부담항목-주택채권매입비용등,"중도상환금액×[1.1(비거치),1.2%(거치)]×(대출잔여일수÷대출기간)※대출기간:대출약정일로최장3년",적용금리+3%(최고15%),0,0,0,0,50,0,0,50
10001,1055,우리은행,우리부동산론,LTV30%~70%,만기일시상환,변동금리,3.35%,3.65%,-,-,"개인고객부, 02-2002-5391부동산금융부, 02-2002-3319",https://spot.wooribank.com/pot/Dream?withyou=po,15885000,"영업점,모집인",-인지세:해당세액의50%(대출금액5천만원이하시없음)-국민주택채권매입:대출금액×120%×1%×채권할인율-주택신보출연료(신규주택구입시에한함):0.01~0.20%,-고정금리:주택상환금액×1.4%×(대출잔액일수÷3년)-변동금리:주택상환금액×1.2%×(대출잔액일수÷3년),-적용금리+3%(최고연체이자율:12%),0,0,0,0,50,0,0,50
10633,300006,삼성화재해상보험주식회사,삼성주택,LTV30~70%,원리금분할상환,고정금리,3.37%,5.37%,3.66%,"996,371","융자기획파트,02-758-7231대출상담,1588-7444",http://www.samsungfire.com,15885114,"영업점,인터넷,모집인",인지세(50%)주택채권매입비,"1,0%,1.2%,1.4%,1.5%중도상환금액×수수료율×잔여부과일/총부과일",대출금리+3%최고17%한도,0,0,0,0,50,0,0,50
10633,300006,삼성화재해상보험주식회사,삼성주택,LTV30~70%,원금분할상환,고정금리,3.37%,5.37%,3.66%,"987,104","융자기획파트,02-758-7231대출상담,1588-7444",http://www.samsungfire.com,15885114,"영업점,인터넷,모집인",인지세(50%)주택채권매입비,"1,0%,1.2%,1.4%,1.5%중도상환금액×수수료율×잔여부과일/총부과일",대출금리+3%최고17%한도,0,0,0,0,50,0,0,50
10596,24246,흥국생명보험주식회사,모기지론,"최고한도LTV70%,지역별차등적용",원금분할상환,변동금리,3.37%,3.64%,-,-,"개인금융팀, 02-2002-7369",http://www.heungkuklife.co.kr,1588-2288,"영업점,모집인","국민주택채권매입비,인지세(50%)",중도상환금액X1.5%X대출잔여일수/1095,-1개월이하:대출금리+3%-3개월이하:대출금리+3%-3개월초과:대출금리+3%-최고연체이자율:19%,0,0,0,0,50,0,0,50
10596,24246,흥국생명보험주식회사,모기지론,"최고한도LTV70%,지역별차등적용",원리금분할상환,변동금리,3.37%,3.64%,-,-,"개인금융팀, 02-2002-7369",http://www.heungkuklife.co.kr,1588-2288,"영업점,모집인","국민주택채권매입비,인지세(50%)",중도상환금액X1.5%X대출잔여일수/1095,-1개월이하:대출금리+3%-3개월이하:대출금리+3%-3개월초과:대출금리+3%-최고연체이자율:19%,0,0,0,0,50,0,0,50
10492,76-0011,한성저축은행,일반자금대출,70,만기일시상환,고정금리,3.40%,4.50%,3.49%,"1,124,166","기획부, 043-730-0534",http://www.hsbank.co.kr/,15442115,"영업점,모집인","인지세:5천이하(비과세),5천초과~1억이하(70,000원),1억초과~10억이하(150,000원),10억초과(350,000원)-고객부담(50%),주택채권매입비용",중도상환금액×수수료율×중도상환잔여일수/약정기간,정상금리+3%,0,0,0,0,50,0,0,50
10024,30001074,경남은행,집집마다 안심대출,LTV70%이내,원리금분할상환,고정금리,3.47%,4.83%,3.70%,"998,255","리테일금융부(대출 문의),055-290-8743마케팅추진부,055-290-8317",https://www.knbank.co.kr/ib20/mnu/FPMDPT020000000,16008585,"영업점,모집인",인지세:해당세액의50%(대출금5천만원미만시없음)국민주택채권매입비:대출금*110%*1%*채권할인율주택신보출연료(주택자금용도),"중도상환대출금*1%*대출잔여기간(단,취급후3년경과시면제,최초취급액의10%면제)",대출금리+3.0%,0,0,0,0,50,0,0,50
10024,30001074,경남은행,집집마다 안심대출,LTV70%이내,원금분할상환,고정금리,3.47%,4.83%,3.70%,"988,785","리테일금융부(대출 문의),055-290-8743마케팅추진부,055-290-8317",https://www.knbank.co.kr/ib20/mnu/FPMDPT020000000,16008585,"영업점,모집인",인지세:해당세액의50%(대출금5천만원미만시없음)국민주택채권매입비:대출금*110%*1%*채권할인율주택신보출연료(주택자금용도),"중도상환대출금*1%*대출잔여기간(단,취급후3년경과시면제,최초취급액의10%면제)",대출금리+3.0%,0,0,0,0,50,0,0,50
10634,10221105,현대해상화재보험주식회사,현대해상_주택론(3년고정),LTV20%~70%(지역별차등적용),원리금분할상환,변동금리,3.48%,3.88%,-,-,개인융자부 02-3701-8196,http://www.hi.co.kr,15885655,"영업점,모집인",인지세50%국민주택채권매입비용,중도상환금액×1.5%×대출잔여일수÷3년,대출금리+3%최고연체이자율:19%,0,0,0,0,50,0,0,50
10634,10221105,현대해상화재보험주식회사,현대해상_주택론(3년고정),LTV20%~70%(지역별차등적용),원금분할상환,변동금리,3.48%,3.88%,-,-,개인융자부 02-3701-8196,http://www.hi.co.kr,15885655,"영업점,모집인",인지세50%국민주택채권매입비용,중도상환금액×1.5%×대출잔여일수÷3년,대출금리+3%최고연체이자율:19%,0,0,0,0,50,0,0,50
10634,10221106,현대해상화재보험주식회사,현대해상_주택론(5년고정),LTV20%~70%(지역별차등적용),원리금분할상환,변동금리,3.48%,3.88%,3.78%,"1,002,029",개인융자부 02-3701-8196,http://www.hi.co.kr,15885655,"영업점,모집인",인지세50%국민주택채권매입비용,중도상환금액×1.5%×대출잔여일수÷3년,대출금리+3%최고연체이자율:19%,0,0,0,0,50,0,0,50
10634,10221106,현대해상화재보험주식회사,현대해상_주택론(5년고정),LTV20%~70%(지역별차등적용),원금분할상환,변동금리,3.48%,3.88%,3.78%,"992,146",개인융자부 02-3701-8196,http://www.hi.co.kr,15885655,"영업점,모집인",인지세50%국민주택채권매입비용,중도상환금액×1.5%×대출잔여일수÷3년,대출금리+3%최고연체이자율:19%,0,0,0,0,50,0,0,50
10026,212010144,중소기업은행,IBK주택담보대출,LTV70%,원금분할상환,변동금리,3.49%,3.49%,3.36%,"974,500",개인고객부(개인수신) 02-729-7466 개인여신부(개인여신) 02-2031-5680,http://www.ibk.co.kr,15662566,"영업점,모집인",인지세:해당세액의50%국민주택채권매입비용:대출금액x120%x1%x채권할인률화재보험료(아파트외물건지에한함),"중도상환금액x수수료율*x(대출잔여일수÷대출기간)*고정금리1.2%,변동금리0.9%",대출금리+3.0%(최고연체이자율:11%),0,0,0,0,50,0,0,50
10026,212010144,중소기업은행,IBK주택담보대출,LTV70%,원리금분할상환,변동금리,3.49%,3.49%,3.36%,"982,314",개인고객부(개인수신) 02-729-7466 개인여신부(개인여신) 02-2031-5680,http://www.ibk.co.kr,15662566,"영업점,모집인",인지세:해당세액의50%국민주택채권매입비용:대출금액x120%x1%x채권할인률화재보험료(아파트외물건지에한함),"중도상환금액x수수료율*x(대출잔여일수÷대출기간)*고정금리1.2%,변동금리0.9%",대출금리+3.0%(최고연체이자율:11%),0,0,0,0,50,0,0,50
10006,CT001M,한국씨티은행,씨티주택담보대출,담보인정비율(LTV)최대70%,원리금분할상환,고정금리,3.51%,4.41%,-,-,수신상품부 02-2004-1274 씨티비즈/모기지부 02-2004-2249 UPL부 02-2004-2467,https://www.citibank.co.kr/,15887000,영업점,1.인지세:해당세액의50%2.국민주택채권매입비용:대출금액×120%×1%×채권할인율3.화재보험료(아파트외물건지에한함),중도상환금액×중도상환수수료율×(대출잔여일수÷대출기간*)*대출기간이3년을초과하는경우3년*중도상환수수료율-변동금리대출:1.3%-고정금리대출:1.5%,약정이자율에연3%를가산(최고연체이자율:14.9%),0,0,0,0,50,0,0,50
10006,CT001M,한국씨티은행,씨티주택담보대출,담보인정비율(LTV)최대70%,원금분할상환,고정금리,3.51%,4.41%,-,-,수신상품부 02-2004-1274 씨티비즈/모기지부 02-2004-2249 UPL부 02-2004-2467,https://www.citibank.co.kr/,15887000,영업점,1.인지세:해당세액의50%2.국민주택채권매입비용:대출금액×120%×1%×채권할인율3.화재보험료(아파트외물건지에한함),중도상환금액×중도상환수수료율×(대출잔여일수÷대출기간*)*대출기간이3년을초과하는경우3년*중도상환수수료율-변동금리대출:1.3%-고정금리대출:1.5%,약정이자율에연3%를가산(최고연체이자율:14.9%),0,0,0,0,50,0,0,50
10001,1055,우리은행,우리부동산론,LTV30%~70%,원금분할상환,변동금리,3.55%,3.85%,3.06%,"961,896","개인고객부, 02-2002-5391부동산금융부, 02-2002-3319",https://spot.wooribank.com/pot/Dream?withyou=po,15885000,"영업점,모집인",-인지세:해당세액의50%(대출금액5천만원이하시없음)-국민주택채권매입:대출금액×120%×1%×채권할인율-주택신보출연료(신규주택구입시에한함):0.01~0.20%,-고정금리:주택상환금액×1.4%×(대출잔액일수÷3년)-변동금리:주택상환금액×1.2%×(대출잔액일수÷3년),-적용금리+3%(최고연체이자율:12%),0,0,0,0,50,0,0,50
10001,1055,우리은행,우리부동산론,LTV30%~70%,원리금분할상환,변동금리,3.55%,3.85%,3.06%,"968,380","개인고객부, 02-2002-5391부동산금융부, 02-2002-3319",https://spot.wooribank.com/pot/Dream?withyou=po,15885000,"영업점,모집인",-인지세:해당세액의50%(대출금액5천만원이하시없음)-국민주택채권매입:대출금액×120%×1%×채권할인율-주택신보출연료(신규주택구입시에한함):0.01~0.20%,-고정금리:주택상환금액×1.4%×(대출잔액일수÷3년)-변동금리:주택상환금액×1.2%×(대출잔액일수÷3년),-적용금리+3%(최고연체이자율:12%),0,0,0,0,50,0,0,50
10927,KB200300000002,국민은행,KB주택담보대출변동(일반자금),LTV70%,원리금분할상환,변동금리,3.57%,4.47%,3.03%,"966,993","(예금)수신상품부, 02-2073-5424(대출)개인여신부, 02-2073-5496",http://www.kbstar.com,15889999,"영업점,모집인",ㅇ인지세:해당세액의50%ㅇ국민주택채권매입:대출금액×120%×1%×채권할인율ㅇ화재보험료(아파트외물건지에한함),중도상환금액×1.2%×(대출잔여일수÷3년),대출금리+3.0%최고연체이자율:15%,0,0,0,0,50,0,0,50
10927,KB200300000002,국민은행,KB주택담보대출변동(일반자금),LTV70%,원금분할상환,변동금리,3.57%,4.47%,3.03%,"960,636","(예금)수신상품부, 02-2073-5424(대출)개인여신부, 02-2073-5496",http://www.kbstar.com,15889999,"영업점,모집인",ㅇ인지세:해당세액의50%ㅇ국민주택채권매입:대출금액×120%×1%×채권할인율ㅇ화재보험료(아파트외물건지에한함),중도상환금액×1.2%×(대출잔여일수÷3년),대출금리+3.0%최고연체이자율:15%,0,0,0,0,50,0,0,50
10030,1,한국산업은행,산은 주택대출(생활자금),-LTV70%등,원리금분할상환,고정금리,3.58%,4.48%,-,-,"(예금)여수신기획부, 02-787-6934(대출)네트워크지원실, 02-787-5639",http://www.kdb.co.kr,0215881500,기타,"*구입자금취급중단,기존주택담보대출고객에대한추가생활자금대출만취급-인지세:해당세액의50%-국민주택채권매입비용","-중도상환금액×중도상환수수료율*×(대출잔여일수÷대출기간**)*담보대출:고정금리1.2%,변동금리0.9%/신용대출:고정금리0.8%,변동금리0.5%**대출기간이3년을초과하는경우3년",대출금리+3%최고이자율:15%,0,0,0,0,50,0,0,50
10030,1,한국산업은행,산은 주택대출(생활자금),-LTV70%등,원금분할상환,고정금리,3.58%,4.48%,-,-,"(예금)여수신기획부, 02-787-6934(대출)네트워크지원실, 02-787-5639",http://www.kdb.co.kr,0215881500,기타,"*구입자금취급중단,기존주택담보대출고객에대한추가생활자금대출만취급-인지세:해당세액의50%-국민주택채권매입비용","-중도상환금액×중도상환수수료율*×(대출잔여일수÷대출기간**)*담보대출:고정금리1.2%,변동금리0.9%/신용대출:고정금리0.8%,변동금리0.5%**대출기간이3년을초과하는경우3년",대출금리+3%최고이자율:15%,0,0,0,0,50,0,0,50
11625,WR0001C,신한은행,신한주택대출,-LTV40%,만기일시상환,변동금리,3.59%,4.39%,3.21%,"1,100,833",개인고객부 02-2151-3536(수신)개인고객부 02-2151-2757(여신),http://www.shinhan.com,15778000,"영업점,모집인",-인지세:해당세액의50%(대출금액5천만원이하시없음)-국민주택채권매입:대출금액*120%*1%*채권할인율,"-중도상환해약금:중도상환대출금*중도상환해약금률(고정금리1.4%,변동금리1.2%)*(대출잔여일수/대출기간)",-1개월이내:대출금리+3%-3개월이내:대출금리+3%-3개월초과:대출금리+3%(최고연체이자율:15%),0,0,0,0,50,0,0,50
10595,F35605,삼성생명보험주식회사,주택담보대출(일반형),시세(감정가)의최대70%,원금분할상환,변동금리,3.60%,5.20%,3.69%,"988,365","융자기획파트, 02-2259-7115",http://www.samsunglife.com,1588-3114,"영업점,모집인","인지세(50%),채권매입비용",-중도상환금액X수수료율(2.0%)X중도상환수수료부과잔존일수-중도상환수수료총부과일수(대출원금의50%까지상환수수료면제),대출금리+3%최고年17%,0,0,0,0,50,0,0,50
10595,F35605,삼성생명보험주식회사,주택담보대출(일반형),시세(감정가)의최대70%,원리금분할상환,변동금리,3.60%,5.20%,3.69%,"997,784","융자기획파트, 02-2259-7115",http://www.samsunglife.com,1588-3114,"영업점,모집인","인지세(50%),채권매입비용",-중도상환금액X수수료율(2.0%)X중도상환수수료부과잔존일수-중도상환수수료총부과일수(대출원금의50%까지상환수수료면제),대출금리+3%최고年17%,0,0,0,0,50,0,0,50
10595,F35605,삼성생명보험주식회사,주택담보대출(일반형),시세(감정가)의최대70%,원금분할상환,고정금리,3.60%,4.79%,3.38%,"975,341","융자기획파트, 02-2259-7115",http://www.samsunglife.com,1588-3114,"영업점,모집인","인지세(50%),채권매입비용",-중도상환금액X수수료율(2.0%)X중도상환수수료부과잔존일수-중도상환수수료총부과일수(대출원금의50%까지상환수수료면제),대출금리+3%최고年17%,0,0,0,0,50,0,0,50
10595,F35605,삼성생명보험주식회사,주택담보대출(일반형),시세(감정가)의최대70%,원리금분할상환,고정금리,3.60%,4.79%,3.38%,"983,247","융자기획파트, 02-2259-7115",http://www.samsunglife.com,1588-3114,"영업점,모집인","인지세(50%),채권매입비용",-중도상환금액X수수료율(2.0%)X중도상환수수료부과잔존일수-중도상환수수료총부과일수(대출원금의50%까지상환수수료면제),대출금리+3%최고年17%,0,0,0,0,50,0,0,50
10492,76-0011,한성저축은행,일반자금대출,70,원금분할상환,고정금리,3.60%,3.60%,3.60%,"984,583","기획부, 043-730-0534",http://www.hsbank.co.kr/,15442115,"영업점,모집인","인지세:5천이하(비과세),5천초과~1억이하(70,000원),1억초과~10억이하(150,000원),10억초과(350,000원)-고객부담(50%),주택채권매입비용",중도상환금액×수수료율×중도상환잔여일수/약정기간,정상금리+3%,0,0,0,0,50,0,0,50
10492,76-0011,한성저축은행,일반자금대출,70,원리금분할상환,고정금리,3.60%,3.60%,3.60%,"993,550","기획부, 043-730-0534",http://www.hsbank.co.kr/,15442115,"영업점,모집인","인지세:5천이하(비과세),5천초과~1억이하(70,000원),1억초과~10억이하(150,000원),10억초과(350,000원)-고객부담(50%),주택채권매입비용",중도상환금액×수수료율×중도상환잔여일수/약정기간,정상금리+3%,0,0,0,0,50,0,0,50
11625,WR0001C,신한은행,신한주택대출,-LTV40%,원금분할상환,변동금리,3.63%,4.43%,3.37%,"974,921",개인고객부 02-2151-3536(수신)개인고객부 02-2151-2757(여신),http://www.shinhan.com,15778000,"영업점,모집인",-인지세:해당세액의50%(대출금액5천만원이하시없음)-국민주택채권매입:대출금액*120%*1%*채권할인율,"-중도상환해약금:중도상환대출금*중도상환해약금률(고정금리1.4%,변동금리1.2%)*(대출잔여일수/대출기간)",-1개월이내:대출금리+3%-3개월이내:대출금리+3%-3개월초과:대출금리+3%(최고연체이자율:15%),0,0,0,0,50,0,0,50
11625,WR0001C,신한은행,신한주택대출,-LTV40%,원리금분할상환,변동금리,3.63%,4.43%,3.37%,"982,780",개인고객부 02-2151-3536(수신)개인고객부 02-2151-2757(여신),http://www.shinhan.com,15778000,"영업점,모집인",-인지세:해당세액의50%(대출금액5천만원이하시없음)-국민주택채권매입:대출금액*120%*1%*채권할인율,"-중도상환해약금:중도상환대출금*중도상환해약금률(고정금리1.4%,변동금리1.2%)*(대출잔여일수/대출기간)",-1개월이내:대출금리+3%-3개월이내:대출금리+3%-3개월초과:대출금리+3%(최고연체이자율:15%),0,0,0,0,50,0,0,50
10485,401011,대명상호저축은행,주택담보대출,"KB부동산시세70,감정가70",만기일시상환,변동금리,3.70%,3.90%,3.79%,"1,149,166",총무계 0436405117,http://www.daemyungbank.co.kr,0436405000,"영업점,모집인","5,000만원초과시인지세50%부담","0.5~2,중도상환금액×수수료율×대출잔여일수/대출기간","약정금리+3%,",0,0,0,0,50,0,0,50
10016,20461501000001001,대구은행,DGB 장기모기지론(구입),담보인정비율(LTV)70%,원금분할상환,변동금리,3.73%,3.73%,-,-,"마케팅추진부, 053-740-2162              개연여신기획부, 053-740-2230",http://www.dgb.co.kr/dgb_ebz_main.jsp,15885050,"영업점,인터넷,스마트폰,모집인",1.인지세:해당세액의50%2.국민주택채권매입비용:대출금액×115%×1%×채권할인율,중도상환수수료×1.3%×(3년-대출경과일수)÷3년(일수),○대출이자율+3.0%○최고연체이자율:15.0%,0,0,0,0,50,0,0,50
10016,20461501000001001,대구은행,DGB 장기모기지론(구입),담보인정비율(LTV)70%,원리금분할상환,변동금리,3.73%,3.73%,-,-,"마케팅추진부, 053-740-2162              개연여신기획부, 053-740-2230",http://www.dgb.co.kr/dgb_ebz_main.jsp,15885050,"영업점,인터넷,스마트폰,모집인",1.인지세:해당세액의50%2.국민주택채권매입비용:대출금액×115%×1%×채권할인율,중도상환수수료×1.3%×(3년-대출경과일수)÷3년(일수),○대출이자율+3.0%○최고연체이자율:15.0%,0,0,0,0,50,0,0,50
10016,20283701000001001,대구은행,DGB 장기모기지론(생활),담보인정비율(LTV)70%,원리금분할상환,변동금리,3.73%,3.73%,-,-,"마케팅추진부, 053-740-2162              개연여신기획부, 053-740-2230",http://www.dgb.co.kr/dgb_ebz_main.jsp,15885050,"영업점,인터넷,스마트폰,모집인",1.인지세:해당세액의50%2.국민주택채권매입비용:대출금액×115%×1%×채권할인율,중도상환수수료×1.3%×(3년-대출경과일수)÷3년(일수),○대출이자율+3.0%○최고연체이자율:15.0%,0,0,0,0,50,0,0,50
10016,20283701000001001,대구은행,DGB 장기모기지론(생활),담보인정비율(LTV)70%,원금분할상환,변동금리,3.73%,3.73%,-,-,"마케팅추진부, 053-740-2162              개연여신기획부, 053-740-2230",http://www.dgb.co.kr/dgb_ebz_main.jsp,15885050,"영업점,인터넷,스마트폰,모집인",1.인지세:해당세액의50%2.국민주택채권매입비용:대출금액×115%×1%×채권할인율,중도상환수수료×1.3%×(3년-대출경과일수)÷3년(일수),○대출이자율+3.0%○최고연체이자율:15.0%,0,0,0,0,50,0,0,50
10595,F35405,삼성생명보험주식회사,주택담보대출(한도형),시세(감정가)의최대70%,원리금분할상환,고정금리,3.73%,4.70%,4.23%,"1,023,418","융자기획파트, 02-2259-7115",http://www.samsunglife.com,1588-3114,"영업점,모집인","인지세(50%),채권매입비용",없음,대출금리+3%최고年17%,0,0,0,0,50,0,0,50
10595,F35405,삼성생명보험주식회사,주택담보대출(한도형),시세(감정가)의최대70%,원금분할상환,변동금리,3.73%,4.70%,-,-,"융자기획파트, 02-2259-7115",http://www.samsunglife.com,1588-3114,"영업점,모집인","인지세(50%),채권매입비용",없음,대출금리+3%최고年17%,0,0,0,0,50,0,0,50
10595,F35405,삼성생명보험주식회사,주택담보대출(한도형),시세(감정가)의최대70%,원리금분할상환,변동금리,3.73%,4.70%,-,-,"융자기획파트, 02-2259-7115",http://www.samsunglife.com,1588-3114,"영업점,모집인","인지세(50%),채권매입비용",없음,대출금리+3%최고年17%,0,0,0,0,50,0,0,50
10595,F35405,삼성생명보험주식회사,주택담보대출(한도형),시세(감정가)의최대70%,원금분할상환,고정금리,3.73%,4.70%,4.23%,"1,011,052","융자기획파트, 02-2259-7115",http://www.samsunglife.com,1588-3114,"영업점,모집인","인지세(50%),채권매입비용",없음,대출금리+3%최고年17%,0,0,0,0,50,0,0,50
10020,12106723,제주은행,금리safe모기지론,감정가의70%이내,원금분할상환,고정금리,3.80%,4.80%,-,-,"영업추진본부, 064-720-0287",https://e-jejubank.com,15880079,영업점,인지세50%주택채권매입비용,중도상환금액×1.3%×대출잔여일수/대출기간3년경과시면제,적용금리+3%최고적용15%,0,0,0,0,50,0,0,50
10020,12106723,제주은행,금리safe모기지론,감정가의70%이내,만기일시상환,고정금리,3.80%,4.80%,-,-,"영업추진본부, 064-720-0287",https://e-jejubank.com,15880079,영업점,인지세50%주택채권매입비용,중도상환금액×1.3%×대출잔여일수/대출기간3년경과시면제,적용금리+3%최고적용15%,0,0,0,0,50,0,0,50
10020,12106723,제주은행,금리safe모기지론,감정가의70%이내,원리금분할상환,고정금리,3.80%,4.80%,-,-,"영업추진본부, 064-720-0287",https://e-jejubank.com,15880079,영업점,인지세50%주택채권매입비용,중도상환금액×1.3%×대출잔여일수/대출기간3년경과시면제,적용금리+3%최고적용15%,0,0,0,0,50,0,0,50
10927,KB200300000001,국민은행,KB주택담보대출혼합(구입자금),LTV70%,원리금분할상환,고정금리,3.81%,5.01%,3.44%,"986,050","(예금)수신상품부, 02-2073-5424(대출)개인여신부, 02-2073-5496",http://www.kbstar.com,15889999,"영업점,모집인",ㅇ인지세:해당세액의50%ㅇ국민주택채권매입:대출금액×120%×1%×채권할인율ㅇ화재보험료(아파트외물건지에한함),중도상환금액×1.4%×(대출잔여일수÷3년),대출금리+3.0%최고연체이자율:15%,0,0,0,0,50,0,0,50
10927,KB200300000001,국민은행,KB주택담보대출혼합(구입자금),LTV70%,원금분할상환,고정금리,3.81%,5.01%,3.44%,"977,861","(예금)수신상품부, 02-2073-5424(대출)개인여신부, 02-2073-5496",http://www.kbstar.com,15889999,"영업점,모집인",ㅇ인지세:해당세액의50%ㅇ국민주택채권매입:대출금액×120%×1%×채권할인율ㅇ화재보험료(아파트외물건지에한함),중도상환금액×1.4%×(대출잔여일수÷3년),대출금리+3.0%최고연체이자율:15%,0,0,0,0,50,0,0,50
10593,302301,한화생명보험주식회사,홈드림모기지론,"감정가의최고70%까지(담보물소재지,대출금액,고객신용,소득등에따라차등적용)",원금분할상환,변동금리,3.81%,4.81%,3.41%,"976,601","융자사업부, 02-789-8205",http://www.hanwhalife.com,15886363,"영업점,모집인","인지세(50%),주택채권매입비용",기본형(36개월이내원금상환시상환금액의1.2%*잔존일수/36개월)외3개방식,"대출만기경과건을포함하여연체기간에상관없이정상금리+3%를적용(단,최고19%)",0,0,0,0,50,0,0,50
10593,302301,한화생명보험주식회사,홈드림모기지론,"감정가의최고70%까지(담보물소재지,대출금액,고객신용,소득등에따라차등적용)",원리금분할상환,변동금리,3.81%,4.81%,3.41%,"984,648","융자사업부, 02-789-8205",http://www.hanwhalife.com,15886363,"영업점,모집인","인지세(50%),주택채권매입비용",기본형(36개월이내원금상환시상환금액의1.2%*잔존일수/36개월)외3개방식,"대출만기경과건을포함하여연체기간에상관없이정상금리+3%를적용(단,최고19%)",0,0,0,0,50,0,0,50
13909,0300331201103,하나은행,하나혼합금리모기지론,담보별가용가범위내,원리금분할상환,고정금리,3.82%,5.12%,3.62%,"994,490",가계수신(예금) 02-2002-1184(Daily Banking본부)가계여신(대출) 02-2002-1249(Borrowing본부),http://www.hanabank.com,15991111,"영업점,인터넷,모집인",1.인지세:50%2.근저당설정비중고객부담항목-주택채권매입비용등,"중도상환금액×[1.3(비거치),1.4%(거치)]×(대출잔여일수÷대출기간)※대출기간:대출약정일로최장3년",적용금리+3%(최고15%),0,0,0,0,50,0,0,50
13909,0300331201103,하나은행,하나혼합금리모기지론,담보별가용가범위내,원금분할상환,고정금리,3.82%,5.12%,3.62%,"985,424",가계수신(예금) 02-2002-1184(Daily Banking본부)가계여신(대출) 02-2002-1249(Borrowing본부),http://www.hanabank.com,15991111,"영업점,인터넷,모집인",1.인지세:50%2.근저당설정비중고객부담항목-주택채권매입비용등,"중도상환금액×[1.3(비거치),1.4%(거치)]×(대출잔여일수÷대출기간)※대출기간:대출약정일로최장3년",적용금리+3%(최고15%),0,0,0,0,50,0,0,50
10016,20461570000001001,대구은행,DGB HYBRID 모기지론(구입),담보인정비율(LTV)70%,원리금분할상환,고정금리,3.83%,3.83%,3.25%,"977,190","마케팅추진부, 053-740-2162              개연여신기획부, 053-740-2230",http://www.dgb.co.kr/dgb_ebz_main.jsp,15885050,"영업점,인터넷,스마트폰,모집인",1.인지세:해당세액의50%2.국민주택채권매입비용:대출금액×115%×1%×채권할인율,중도상환수수료×1.5%×(3년-대출경과일수)÷3년(일수),○대출이자율+3.0%○최고연체이자율:15.0%,0,0,0,0,50,0,0,50
10016,20461570000001001,대구은행,DGB HYBRID 모기지론(구입),담보인정비율(LTV)70%,원금분할상환,고정금리,3.83%,3.83%,3.25%,"969,879","마케팅추진부, 053-740-2162              개연여신기획부, 053-740-2230",http://www.dgb.co.kr/dgb_ebz_main.jsp,15885050,"영업점,인터넷,스마트폰,모집인",1.인지세:해당세액의50%2.국민주택채권매입비용:대출금액×115%×1%×채권할인율,중도상환수수료×1.5%×(3년-대출경과일수)÷3년(일수),○대출이자율+3.0%○최고연체이자율:15.0%,0,0,0,0,50,0,0,50
10016,20283770000001001,대구은행,DGB HYBRID 모기지론(생활),담보인정비율(LTV)70%,원금분할상환,고정금리,3.83%,3.83%,-,-,"마케팅추진부, 053-740-2162              개연여신기획부, 053-740-2230",http://www.dgb.co.kr/dgb_ebz_main.jsp,15885050,"영업점,인터넷,스마트폰,모집인",1.인지세:해당세액의50%2.국민주택채권매입비용:대출금액×115%×1%×채권할인율,중도상환수수료×1.5%×(3년-대출경과일수)÷3년(일수),○대출이자율+3.0%○최고연체이자율:15.0%,0,0,0,0,50,0,0,50
10016,20283770000001001,대구은행,DGB HYBRID 모기지론(생활),담보인정비율(LTV)70%,원리금분할상환,고정금리,3.83%,3.83%,-,-,"마케팅추진부, 053-740-2162              개연여신기획부, 053-740-2230",http://www.dgb.co.kr/dgb_ebz_main.jsp,15885050,"영업점,인터넷,스마트폰,모집인",1.인지세:해당세액의50%2.국민주택채권매입비용:대출금액×115%×1%×채권할인율,중도상환수수료×1.5%×(3년-대출경과일수)÷3년(일수),○대출이자율+3.0%○최고연체이자율:15.0%,0,0,0,0,50,0,0,50
10017,0519,부산은행,BNK행복스케치 모기지론,지역에따라담보인정비율(LTV)30%~70%,만기일시상환,변동금리,3.83%,4.43%,-,-,"마케팅추진부, 051-620-3339여신기획부, 051-620-3423",http://www.busanbank.co.kr,15886200,"영업점,모집인",1.인지세:해당세액의50%2.국민주택채권매입비용:대출금액X110~120%X1%X채권할인율,중도상환금액X수수료율*X(대출잔여일수÷대출기간**)*대출취급후1년이내:1.5%대출취급후2년이내:1.0%대출취급후3년이내:0.5%**대출기간이3년을초과하는경우3년,3개월이하:대출금리+6.0%3개월초과:대출금리+7.0%(최고연체이자율:15.0%),0,0,0,0,50,0,0,50
10017,0519,부산은행,BNK행복스케치 모기지론,지역에따라담보인정비율(LTV)30%~70%,원리금분할상환,변동금리,3.83%,4.43%,3.86%,"1,005,811","마케팅추진부, 051-620-3339여신기획부, 051-620-3423",http://www.busanbank.co.kr,15886200,"영업점,모집인",1.인지세:해당세액의50%2.국민주택채권매입비용:대출금액X110~120%X1%X채권할인율,중도상환금액X수수료율*X(대출잔여일수÷대출기간**)*대출취급후1년이내:1.5%대출취급후2년이내:1.0%대출취급후3년이내:0.5%**대출기간이3년을초과하는경우3년,3개월이하:대출금리+6.0%3개월초과:대출금리+7.0%(최고연체이자율:15.0%),0,0,0,0,50,0,0,50
10017,0519,부산은행,BNK행복스케치 모기지론,지역에따라담보인정비율(LTV)30%~70%,원금분할상환,변동금리,3.83%,4.43%,3.86%,"995,507","마케팅추진부, 051-620-3339여신기획부, 051-620-3423",http://www.busanbank.co.kr,15886200,"영업점,모집인",1.인지세:해당세액의50%2.국민주택채권매입비용:대출금액X110~120%X1%X채권할인율,중도상환금액X수수료율*X(대출잔여일수÷대출기간**)*대출취급후1년이내:1.5%대출취급후2년이내:1.0%대출취급후3년이내:0.5%**대출기간이3년을초과하는경우3년,3개월이하:대출금리+6.0%3개월초과:대출금리+7.0%(최고연체이자율:15.0%),0,0,0,0,50,0,0,50
11625,WR0001C,신한은행,신한주택대출,-LTV40%,원리금분할상환,고정금리,3.85%,4.65%,3.56%,"991,672",개인고객부 02-2151-3536(수신)개인고객부 02-2151-2757(여신),http://www.shinhan.com,15778000,"영업점,모집인",-인지세:해당세액의50%(대출금액5천만원이하시없음)-국민주택채권매입:대출금액*120%*1%*채권할인율,"-중도상환해약금:중도상환대출금*중도상환해약금률(고정금리1.4%,변동금리1.2%)*(대출잔여일수/대출기간)",-1개월이내:대출금리+3%-3개월이내:대출금리+3%-3개월초과:대출금리+3%(최고연체이자율:15%),0,0,0,0,50,0,0,50
11625,WR0001C,신한은행,신한주택대출,-LTV40%,원금분할상환,고정금리,3.85%,4.65%,3.56%,"982,903",개인고객부 02-2151-3536(수신)개인고객부 02-2151-2757(여신),http://www.shinhan.com,15778000,"영업점,모집인",-인지세:해당세액의50%(대출금액5천만원이하시없음)-국민주택채권매입:대출금액*120%*1%*채권할인율,"-중도상환해약금:중도상환대출금*중도상환해약금률(고정금리1.4%,변동금리1.2%)*(대출잔여일수/대출기간)",-1개월이내:대출금리+3%-3개월이내:대출금리+3%-3개월초과:대출금리+3%(최고연체이자율:15%),0,0,0,0,50,0,0,50
10550,770001,라온저축은행,일반자금대출,LTV70%(KB시세거래가기준),만기일시상환,고정금리,3.90%,7.90%,5.50%,"1,291,666","기획총무팀,054-452-1101",http://www.raonsb.co.kr/,0544521101,영업점,-인지세:해당세액×50%-국민주택채권매입:대출금액×130%×1%×채권할인율,-신규설정:중도상환금액×2%×(대출잔여일수÷대출기간총일수)-기존설정:중도상환금액×1%×(대출잔여일수÷대출기간총일수),-약정금리+3%(최고연체이자율:연20%),0,0,0,0,50,0,0,50
10550,770001,라온저축은행,일반자금대출,LTV70%(KB시세거래가기준),원리금분할상환,고정금리,3.90%,7.90%,5.00%,"1,060,655","기획총무팀,054-452-1101",http://www.raonsb.co.kr/,0544521101,영업점,-인지세:해당세액×50%-국민주택채권매입:대출금액×130%×1%×채권할인율,-신규설정:중도상환금액×2%×(대출잔여일수÷대출기간총일수)-기존설정:중도상환금액×1%×(대출잔여일수÷대출기간총일수),-약정금리+3%(최고연체이자율:연20%),0,0,0,0,50,0,0,50
10550,770001,라온저축은행,일반자금대출,LTV70%(KB시세거래가기준),원금분할상환,고정금리,3.90%,7.90%,5.00%,"1,043,403","기획총무팀,054-452-1101",http://www.raonsb.co.kr/,0544521101,영업점,-인지세:해당세액×50%-국민주택채권매입:대출금액×130%×1%×채권할인율,-신규설정:중도상환금액×2%×(대출잔여일수÷대출기간총일수)-기존설정:중도상환금액×1%×(대출잔여일수÷대출기간총일수),-약정금리+3%(최고연체이자율:연20%),0,0,0,0,50,0,0,50
10017,0718,부산은행,BNK금리상한 모기지론,지역에따라담보인정비율(LTV)30%~70%,원금분할상환,변동금리,3.94%,4.44%,-,-,"마케팅추진부, 051-620-3339여신기획부, 051-620-3423",http://www.busanbank.co.kr,15886200,"영업점,모집인",1.인지세:해당세액의50%2.국민주택채권매입비용:대출금액X110~120%X1%X채권할인율,중도상환금액X수수료율*X(대출잔여일수÷대출기간**)*대출취급후1년이내:1.5%대출취급후2년이내:1.0%대출취급후3년이내:0.5%**대출기간이3년을초과하는경우3년,3개월이하:대출금리+6.0%3개월초과:대출금리+7.0%(최고연체이자율:15.0%),0,0,0,0,50,0,0,50
10017,0718,부산은행,BNK금리상한 모기지론,지역에따라담보인정비율(LTV)30%~70%,원리금분할상환,변동금리,3.94%,4.44%,-,-,"마케팅추진부, 051-620-3339여신기획부, 051-620-3423",http://www.busanbank.co.kr,15886200,"영업점,모집인",1.인지세:해당세액의50%2.국민주택채권매입비용:대출금액X110~120%X1%X채권할인율,중도상환금액X수수료율*X(대출잔여일수÷대출기간**)*대출취급후1년이내:1.5%대출취급후2년이내:1.0%대출취급후3년이내:0.5%**대출기간이3년을초과하는경우3년,3개월이하:대출금리+6.0%3개월초과:대출금리+7.0%(최고연체이자율:15.0%),0,0,0,0,50,0,0,50
11625,WR0001C,신한은행,신한주택대출,-LTV40%,만기일시상환,고정금리,4.05%,4.85%,2.50%,"1,041,666",개인고객부 02-2151-3536(수신)개인고객부 02-2151-2757(여신),http://www.shinhan.com,15778000,"영업점,모집인",-인지세:해당세액의50%(대출금액5천만원이하시없음)-국민주택채권매입:대출금액*120%*1%*채권할인율,"-중도상환해약금:중도상환대출금*중도상환해약금률(고정금리1.4%,변동금리1.2%)*(대출잔여일수/대출기간)",-1개월이내:대출금리+3%-3개월이내:대출금리+3%-3개월초과:대출금리+3%(최고연체이자율:15%),0,0,0,0,50,0,0,50
10001,1055,우리은행,우리부동산론,LTV30%~70%,원금분할상환,고정금리,4.05%,4.85%,3.74%,"990,466","개인고객부, 02-2002-5391부동산금융부, 02-2002-3319",https://spot.wooribank.com/pot/Dream?withyou=po,15885000,"영업점,모집인",-인지세:해당세액의50%(대출금액5천만원이하시없음)-국민주택채권매입:대출금액×120%×1%×채권할인율-주택신보출연료(신규주택구입시에한함):0.01~0.20%,-고정금리:주택상환금액×1.4%×(대출잔액일수÷3년)-변동금리:주택상환금액×1.2%×(대출잔액일수÷3년),-적용금리+3%(최고연체이자율:12%),0,0,0,0,50,0,0,50
10001,1055,우리은행,우리부동산론,LTV30%~70%,원리금분할상환,고정금리,4.05%,4.85%,3.74%,"1,000,141","개인고객부, 02-2002-5391부동산금융부, 02-2002-3319",https://spot.wooribank.com/pot/Dream?withyou=po,15885000,"영업점,모집인",-인지세:해당세액의50%(대출금액5천만원이하시없음)-국민주택채권매입:대출금액×120%×1%×채권할인율-주택신보출연료(신규주택구입시에한함):0.01~0.20%,-고정금리:주택상환금액×1.4%×(대출잔액일수÷3년)-변동금리:주택상환금액×1.2%×(대출잔액일수÷3년),-적용금리+3%(최고연체이자율:12%),0,0,0,0,50,0,0,50
10593,302301,한화생명보험주식회사,홈드림모기지론,"감정가의최고70%까지(담보물소재지,대출금액,고객신용,소득등에따라차등적용)",원금분할상환,고정금리,4.11%,4.81%,3.45%,"978,281","융자사업부, 02-789-8205",http://www.hanwhalife.com,15886363,"영업점,모집인","인지세(50%),주택채권매입비용",기본형(36개월이내원금상환시상환금액의1.2%*잔존일수/36개월)외3개방식,"대출만기경과건을포함하여연체기간에상관없이정상금리+3%를적용(단,최고19%)",0,0,0,0,50,0,0,50
10593,302301,한화생명보험주식회사,홈드림모기지론,"감정가의최고70%까지(담보물소재지,대출금액,고객신용,소득등에따라차등적용)",원리금분할상환,고정금리,4.11%,4.81%,3.45%,"986,518","융자사업부, 02-789-8205",http://www.hanwhalife.com,15886363,"영업점,모집인","인지세(50%),주택채권매입비용",기본형(36개월이내원금상환시상환금액의1.2%*잔존일수/36개월)외3개방식,"대출만기경과건을포함하여연체기간에상관없이정상금리+3%를적용(단,최고19%)",0,0,0,0,50,0,0,50
10017,0599,부산은행,BNK357금리안심모기지론,지역에따라담보인정비율(LTV)30%~70%,원금분할상환,고정금리,4.12%,4.82%,3.71%,"989,205","마케팅추진부, 051-620-3339여신기획부, 051-620-3423",http://www.busanbank.co.kr,15886200,"영업점,모집인",1.인지세:해당세액의50%2.국민주택채권매입비용:대출금액X110~120%X1%X채권할인율,중도상환금액X수수료율*X(대출잔여일수÷대출기간**)*대출취급후1년이내:1.5%대출취급후2년이내:1.0%대출취급후3년이내:0.5%**대출기간이3년을초과하는경우3년,3개월이하:대출금리+6.0%3개월초과:대출금리+7.0%(최고연체이자율:15.0%),0,0,0,0,50,0,0,50
10017,0599,부산은행,BNK357금리안심모기지론,지역에따라담보인정비율(LTV)30%~70%,원리금분할상환,고정금리,4.12%,4.82%,3.71%,"998,726","마케팅추진부, 051-620-3339여신기획부, 051-620-3423",http://www.busanbank.co.kr,15886200,"영업점,모집인",1.인지세:해당세액의50%2.국민주택채권매입비용:대출금액X110~120%X1%X채권할인율,중도상환금액X수수료율*X(대출잔여일수÷대출기간**)*대출취급후1년이내:1.5%대출취급후2년이내:1.0%대출취급후3년이내:0.5%**대출기간이3년을초과하는경우3년,3개월이하:대출금리+6.0%3개월초과:대출금리+7.0%(최고연체이자율:15.0%),0,0,0,0,50,0,0,50
14807,1167,수협은행,SH으뜸모기지론,담보인정비율(LTV)최대70%,원금분할상환,고정금리,4.13%,4.33%,3.90%,"997,188","개인금융부(수신), 02-2240-0391개인금융부(여신), 02-2240-0273",http://www.suhyup-bank.com,15881515,"영업점,모집인",1.인지세:해당세액의50%2.국민주택채권매입비용:대출금액X120%X1%X채권할인율3.화재보험료(아파트외물건지에한함),중도상환금액X수수료율*X(대출잔여일수/대출기간**)*1.2%(고정금리인경우1.4%)**대출기간이3년을초과하는경우3년,대출금리+연3%,0,0,0,0,50,0,0,50
14807,1167,수협은행,SH으뜸모기지론,담보인정비율(LTV)최대70%,원리금분할상환,고정금리,4.13%,4.33%,3.90%,"1,007,706","개인금융부(수신), 02-2240-0391개인금융부(여신), 02-2240-0273",http://www.suhyup-bank.com,15881515,"영업점,모집인",1.인지세:해당세액의50%2.국민주택채권매입비용:대출금액X120%X1%X채권할인율3.화재보험료(아파트외물건지에한함),중도상환금액X수수료율*X(대출잔여일수/대출기간**)*1.2%(고정금리인경우1.4%)**대출기간이3년을초과하는경우3년,대출금리+연3%,0,0,0,0,50,0,0,50
10478,760001,CK저축은행,주택담보대출,LTV70%,원금분할상환,고정금리,4.20%,5.80%,-,-,"총무부, 0332528411",http://www.cksavingsbank.co.kr,0332528411,영업점,-인지세:해당세액×50%-화재보험료,-중도상환금액×2%×(대출잔여일수÷대출기간총일수)-대출취급후1년후면제,-1개월이하:약정금리+3%-3개월이하:약정금리+3%-3개월초과:약정금리+3%(최고연체이자율:연24%),0,0,0,0,50,0,0,50
10478,760001,CK저축은행,주택담보대출,LTV70%,원금분할상환,변동금리,4.20%,5.80%,-,-,"총무부, 0332528411",http://www.cksavingsbank.co.kr,0332528411,영업점,-인지세:해당세액×50%-화재보험료,-중도상환금액×2%×(대출잔여일수÷대출기간총일수)-대출취급후1년후면제,-1개월이하:약정금리+3%-3개월이하:약정금리+3%-3개월초과:약정금리+3%(최고연체이자율:연24%),0,0,0,0,50,0,0,50
10478,760001,CK저축은행,주택담보대출,LTV70%,원리금분할상환,변동금리,4.20%,5.80%,-,-,"총무부, 0332528411",http://www.cksavingsbank.co.kr,0332528411,영업점,-인지세:해당세액×50%-화재보험료,-중도상환금액×2%×(대출잔여일수÷대출기간총일수)-대출취급후1년후면제,-1개월이하:약정금리+3%-3개월이하:약정금리+3%-3개월초과:약정금리+3%(최고연체이자율:연24%),0,0,0,0,50,0,0,50
10478,760001,CK저축은행,주택담보대출,LTV70%,원리금분할상환,고정금리,4.20%,5.80%,-,-,"총무부, 0332528411",http://www.cksavingsbank.co.kr,0332528411,영업점,-인지세:해당세액×50%-화재보험료,-중도상환금액×2%×(대출잔여일수÷대출기간총일수)-대출취급후1년후면제,-1개월이하:약정금리+3%-3개월이하:약정금리+3%-3개월초과:약정금리+3%(최고연체이자율:연24%),0,0,0,0,50,0,0,50
10478,760001,CK저축은행,주택담보대출,LTV70%,만기일시상환,변동금리,4.20%,5.80%,-,-,"총무부, 0332528411",http://www.cksavingsbank.co.kr,0332528411,영업점,-인지세:해당세액×50%-화재보험료,-중도상환금액×2%×(대출잔여일수÷대출기간총일수)-대출취급후1년후면제,-1개월이하:약정금리+3%-3개월이하:약정금리+3%-3개월초과:약정금리+3%(최고연체이자율:연24%),0,0,0,0,50,0,0,50
10478,760001,CK저축은행,주택담보대출,LTV70%,만기일시상환,고정금리,4.20%,5.80%,-,-,"총무부, 0332528411",http://www.cksavingsbank.co.kr,0332528411,영업점,-인지세:해당세액×50%-화재보험료,-중도상환금액×2%×(대출잔여일수÷대출기간총일수)-대출취급후1년후면제,-1개월이하:약정금리+3%-3개월이하:약정금리+3%-3개월초과:약정금리+3%(최고연체이자율:연24%),0,0,0,0,50,0,0,50
12711,71208,엔에이치저축은행,중도금대출,-600백만원,만기일시상환,고정금리,4.25%,4.25%,4.25%,"1,187,500","기획총무부,02-3016-2314",http://www.nhsavingsbank.co.kr/,0215885191,영업점,-인지세,2,-약정금리+3%,0,0,0,0,50,0,0,50
10026,212010144,중소기업은행,IBK주택담보대출,LTV70%,만기일시상환,고정금리,4.25%,4.25%,-,-,개인고객부(개인수신) 02-729-7466 개인여신부(개인여신) 02-2031-5680,http://www.ibk.co.kr,15662566,"영업점,모집인",인지세:해당세액의50%국민주택채권매입비용:대출금액x120%x1%x채권할인률화재보험료(아파트외물건지에한함),"중도상환금액x수수료율*x(대출잔여일수÷대출기간)*고정금리1.2%,변동금리0.9%",대출금리+3.0%(최고연체이자율:11%),0,0,0,0,50,0,0,50
10026,212010144,중소기업은행,IBK주택담보대출,LTV70%,원리금분할상환,고정금리,4.27%,4.27%,3.54%,"990,734",개인고객부(개인수신) 02-729-7466 개인여신부(개인여신) 02-2031-5680,http://www.ibk.co.kr,15662566,"영업점,모집인",인지세:해당세액의50%국민주택채권매입비용:대출금액x120%x1%x채권할인률화재보험료(아파트외물건지에한함),"중도상환금액x수수료율*x(대출잔여일수÷대출기간)*고정금리1.2%,변동금리0.9%",대출금리+3.0%(최고연체이자율:11%),0,0,0,0,50,0,0,50
10026,212010144,중소기업은행,IBK주택담보대출,LTV70%,원금분할상환,고정금리,4.27%,4.27%,3.54%,"982,063",개인고객부(개인수신) 02-729-7466 개인여신부(개인여신) 02-2031-5680,http://www.ibk.co.kr,15662566,"영업점,모집인",인지세:해당세액의50%국민주택채권매입비용:대출금액x120%x1%x채권할인률화재보험료(아파트외물건지에한함),"중도상환금액x수수료율*x(대출잔여일수÷대출기간)*고정금리1.2%,변동금리0.9%",대출금리+3.0%(최고연체이자율:11%),0,0,0,0,50,0,0,50
10002,SC002111SC002015,한국스탠다드차타드은행,주택담보대출,"LTV최대70%최대대출한도:1,500백만원",원리금분할상환,고정금리,4.29%,4.69%,3.49%,"988,390","수신상품부(예적금), 02-3702-3874신용여신부(신용대출), 02-3702-4763담보여신부(담보대출), 02-3702-4202카드상품부(카드론),02-3702-4613",http://www.standardchartered.co.kr,15881599,영업점,인지세:해당세액의50%(대출금액5천만원이하시없음)국민주택채권매입:대출금액*110%*1%*채권할인율화재보험료:아파트및주거용오피스텔외물건지에한함,조기상환원금×1.2%×[(3년-대출경과일수)/3년]매년대출잔액의10%까지중도상환수수료면제,대출금리+연3%(최고연체이자율:연15%),0,0,0,0,50,0,0,50
10002,SC002111SC002015,한국스탠다드차타드은행,주택담보대출,"LTV최대70%최대대출한도:1,500백만원",원금분할상환,고정금리,4.29%,4.69%,3.49%,"979,962","수신상품부(예적금), 02-3702-3874신용여신부(신용대출), 02-3702-4763담보여신부(담보대출), 02-3702-4202카드상품부(카드론),02-3702-4613",http://www.standardchartered.co.kr,15881599,영업점,인지세:해당세액의50%(대출금액5천만원이하시없음)국민주택채권매입:대출금액*110%*1%*채권할인율화재보험료:아파트및주거용오피스텔외물건지에한함,조기상환원금×1.2%×[(3년-대출경과일수)/3년]매년대출잔액의10%까지중도상환수수료면제,대출금리+연3%(최고연체이자율:연15%),0,0,0,0,50,0,0,50
10485,401011,대명상호저축은행,주택담보대출,"KB부동산시세70,감정가70",원리금분할상환,변동금리,4.30%,4.30%,4.30%,"1,026,770",총무계 0436405117,http://www.daemyungbank.co.kr,0436405000,"영업점,모집인","5,000만원초과시인지세50%부담","0.5~2,중도상환금액×수수료율×대출잔여일수/대출기간","약정금리+3%,",0,0,0,0,50,0,0,50
10485,401011,대명상호저축은행,주택담보대출,"KB부동산시세70,감정가70",원금분할상환,변동금리,4.30%,4.30%,4.30%,"1,013,993",총무계 0436405117,http://www.daemyungbank.co.kr,0436405000,"영업점,모집인","5,000만원초과시인지세50%부담","0.5~2,중도상환금액×수수료율×대출잔여일수/대출기간","약정금리+3%,",0,0,0,0,50,0,0,50
10017,0599,부산은행,BNK357금리안심모기지론,지역에따라담보인정비율(LTV)30%~70%,만기일시상환,고정금리,4.31%,5.01%,-,-,"마케팅추진부, 051-620-3339여신기획부, 051-620-3423",http://www.busanbank.co.kr,15886200,"영업점,모집인",1.인지세:해당세액의50%2.국민주택채권매입비용:대출금액X110~120%X1%X채권할인율,중도상환금액X수수료율*X(대출잔여일수÷대출기간**)*대출취급후1년이내:1.5%대출취급후2년이내:1.0%대출취급후3년이내:0.5%**대출기간이3년을초과하는경우3년,3개월이하:대출금리+6.0%3개월초과:대출금리+7.0%(최고연체이자율:15.0%),0,0,0,0,50,0,0,50
10378,400001,바로저축은행,중도금대출(주택),LTV:40%~70%(지역에따라차등)DTI:40%~60%(주택가격에따라차등),만기일시상환,고정금리,4.50%,5.00%,4.44%,"1,203,333",(예/적금) 자금효율부 02-3467-0157 (공시) 기획관리부 02-3467-0287,http://www.barosavings.com,34670100,영업점,인지세(차주발생비용의50%부담),0~2%,약정금리+3%,0,0,0,0,50,0,0,50
11320,0102,푸본현대생명보험주식회사,푸본현대생명 주택담보대출(가계),최대시세의70%까지,원리금분할상환,고정금리,4.50%,5.46%,-,-,"개인여신팀, 02-6940-7127",http://www.fubonhyundai.com/,15773311,모집인,"인지세50%,주택채권매입비용(실비),근저당권말소및변경비용(해당시),확인서면비용(해당시)","일반상품:2.0%x(잔존일수/3년)단기상품:1.0%x(잔존일수/1년),최저0.5%",약정이자율+3.0%,0,0,0,0,50,0,0,50
11320,0102,푸본현대생명보험주식회사,푸본현대생명 주택담보대출(가계),최대시세의70%까지,원금분할상환,고정금리,4.50%,5.46%,-,-,"개인여신팀, 02-6940-7127",http://www.fubonhyundai.com/,15773311,모집인,"인지세50%,주택채권매입비용(실비),근저당권말소및변경비용(해당시),확인서면비용(해당시)","일반상품:2.0%x(잔존일수/3년)단기상품:1.0%x(잔존일수/1년),최저0.5%",약정이자율+3.0%,0,0,0,0,50,0,0,50
13127,2260,KB저축은행,중도금대출(주택),최대8억원(물건별상이),만기일시상환,고정금리,4.50%,4.70%,4.50%,"1,208,333","영업추진부, 0221468227",http://www.kbsavings.com/,18990900,영업점,-인지세:해당세액×50%(대출금액5천만원이하시없음),기한전상환대출금X기한전상환수수료율(2%)X대출잔여일수/대출약정기간,약정금리+3%(최고연체이자율:연20%),0,0,0,0,50,0,0,50
13308,JTCSB760863,JT친애저축은행,원더풀부동산담보론,"-LTV70%-DTI60%-최대8억원-단,투기(과열)지역및조정대상지역의경우별도적용",원금분할상환,변동금리,4.60%,9.11%,-,-,경영기획부 0221739225,http://www.jtchinae-bank.co.kr/,15990060,영업점,-인지세:해당세액×50%(대출금액5천만원이하시없음)-국민주택채권매입:대출금액×130%×1%×채권할인율-화재보험료,-2년미만:중도상환금액×2%×(대출잔여일수÷대출기간총일수)-2년이상3년미만:중도상환금액×1.5%×(대출잔여일수÷대출기간총일수)*대출취급후3년경과시면제,약정금리+3%(최고12.11%),0,0,0,0,50,0,0,50
13308,JTCSB760863,JT친애저축은행,원더풀부동산담보론,"-LTV70%-DTI60%-최대8억원-단,투기(과열)지역및조정대상지역의경우별도적용",만기일시상환,고정금리,4.60%,9.11%,-,-,경영기획부 0221739225,http://www.jtchinae-bank.co.kr/,15990060,영업점,-인지세:해당세액×50%(대출금액5천만원이하시없음)-국민주택채권매입:대출금액×130%×1%×채권할인율-화재보험료,-2년미만:중도상환금액×2%×(대출잔여일수÷대출기간총일수)-2년이상3년미만:중도상환금액×1.5%×(대출잔여일수÷대출기간총일수)*대출취급후3년경과시면제,약정금리+3%(최고12.11%),0,0,0,0,50,0,0,50
13308,JTCSB760863,JT친애저축은행,원더풀부동산담보론,"-LTV70%-DTI60%-최대8억원-단,투기(과열)지역및조정대상지역의경우별도적용",만기일시상환,변동금리,4.60%,9.11%,-,-,경영기획부 0221739225,http://www.jtchinae-bank.co.kr/,15990060,영업점,-인지세:해당세액×50%(대출금액5천만원이하시없음)-국민주택채권매입:대출금액×130%×1%×채권할인율-화재보험료,-2년미만:중도상환금액×2%×(대출잔여일수÷대출기간총일수)-2년이상3년미만:중도상환금액×1.5%×(대출잔여일수÷대출기간총일수)*대출취급후3년경과시면제,약정금리+3%(최고12.11%),0,0,0,0,50,0,0,50
13308,JTCSB760863,JT친애저축은행,원더풀부동산담보론,"-LTV70%-DTI60%-최대8억원-단,투기(과열)지역및조정대상지역의경우별도적용",원리금분할상환,고정금리,4.60%,9.11%,-,-,경영기획부 0221739225,http://www.jtchinae-bank.co.kr/,15990060,영업점,-인지세:해당세액×50%(대출금액5천만원이하시없음)-국민주택채권매입:대출금액×130%×1%×채권할인율-화재보험료,-2년미만:중도상환금액×2%×(대출잔여일수÷대출기간총일수)-2년이상3년미만:중도상환금액×1.5%×(대출잔여일수÷대출기간총일수)*대출취급후3년경과시면제,약정금리+3%(최고12.11%),0,0,0,0,50,0,0,50
13308,JTCSB760863,JT친애저축은행,원더풀부동산담보론,"-LTV70%-DTI60%-최대8억원-단,투기(과열)지역및조정대상지역의경우별도적용",원금분할상환,고정금리,4.60%,9.11%,-,-,경영기획부 0221739225,http://www.jtchinae-bank.co.kr/,15990060,영업점,-인지세:해당세액×50%(대출금액5천만원이하시없음)-국민주택채권매입:대출금액×130%×1%×채권할인율-화재보험료,-2년미만:중도상환금액×2%×(대출잔여일수÷대출기간총일수)-2년이상3년미만:중도상환금액×1.5%×(대출잔여일수÷대출기간총일수)*대출취급후3년경과시면제,약정금리+3%(최고12.11%),0,0,0,0,50,0,0,50
13308,JTCSB760863,JT친애저축은행,원더풀부동산담보론,"-LTV70%-DTI60%-최대8억원-단,투기(과열)지역및조정대상지역의경우별도적용",원리금분할상환,변동금리,4.60%,9.11%,-,-,경영기획부 0221739225,http://www.jtchinae-bank.co.kr/,15990060,영업점,-인지세:해당세액×50%(대출금액5천만원이하시없음)-국민주택채권매입:대출금액×130%×1%×채권할인율-화재보험료,-2년미만:중도상환금액×2%×(대출잔여일수÷대출기간총일수)-2년이상3년미만:중도상환금액×1.5%×(대출잔여일수÷대출기간총일수)*대출취급후3년경과시면제,약정금리+3%(최고12.11%),0,0,0,0,50,0,0,50
14807,1167,수협은행,SH으뜸모기지론,담보인정비율(LTV)최대70%,만기일시상환,고정금리,4.72%,4.72%,-,-,"개인금융부(수신), 02-2240-0391개인금융부(여신), 02-2240-0273",http://www.suhyup-bank.com,15881515,"영업점,모집인",1.인지세:해당세액의50%2.국민주택채권매입비용:대출금액X120%X1%X채권할인율3.화재보험료(아파트외물건지에한함),중도상환금액X수수료율*X(대출잔여일수/대출기간**)*1.2%(고정금리인경우1.4%)**대출기간이3년을초과하는경우3년,대출금리+연3%,0,0,0,0,50,0,0,50
12120,760011,삼호저축은행,주택담보대출,LTV70%,만기일시상환,고정금리,4.80%,13.00%,4.80%,"1,233,333","경영관리부,063-900-2012",http://samhosb.co.kr,15880568,영업점,인지세:해당세액의50%국민주택채권매입:대출금액x120%x1%x채권할인율화재보험료(아파트외물건지에한함),중도상환금액x2%x(대출잔여일수/대출기간총일수),대출금리+3%,0,0,0,0,50,0,0,50
10489,760311,청주저축은행,일반자금대출,LTV70%,원금분할상환,고정금리,4.80%,13.00%,-,-,"(총무팀,043-251-0715)",http://www.cheongjubank.com,0432569114,"영업점,모집인",소비자일부부담:인지세50%소비자전체부담1.주택채권매입비용2.근저당권말소비용3.변경등기,중도상환금액×2%×(대출잔여일수/대출기간),약정금리+3%(최고연체이자율:연24%),0,0,0,0,50,0,0,50
10489,760311,청주저축은행,일반자금대출,LTV70%,원리금분할상환,고정금리,4.80%,13.00%,-,-,"(총무팀,043-251-0715)",http://www.cheongjubank.com,0432569114,"영업점,모집인",소비자일부부담:인지세50%소비자전체부담1.주택채권매입비용2.근저당권말소비용3.변경등기,중도상환금액×2%×(대출잔여일수/대출기간),약정금리+3%(최고연체이자율:연24%),0,0,0,0,50,0,0,50
10489,760311,청주저축은행,일반자금대출,LTV70%,만기일시상환,고정금리,4.80%,13.00%,5.10%,"1,258,333","(총무팀,043-251-0715)",http://www.cheongjubank.com,0432569114,"영업점,모집인",소비자일부부담:인지세50%소비자전체부담1.주택채권매입비용2.근저당권말소비용3.변경등기,중도상환금액×2%×(대출잔여일수/대출기간),약정금리+3%(최고연체이자율:연24%),0,0,0,0,50,0,0,50
10463,760011,안양저축은행,일반자금대출,"LTV70%단,투기(과열)지역및조정대상지역의경우별도적용",만기일시상환,고정금리,4.90%,11.80%,-,-,"영업2팀, 031-463-7822 (예금문의 031-441-4141)",http://www.anyangbank.co.kr,0314414141,"영업점,모집인",인지세:해당세액x50%(대출금액5천만원이하시없음)국민주택채권매입:대출금액x130%x1%x채권할인율,중도상환금액x2%x(대출잔여일수/대출기간총일수),약정금리+연체가산이자율최대3%),0,0,0,0,50,0,0,50
10426,760410-1,인천저축은행,중도금대출(주택),"-분양가60%이내(사업장별,지역별로차등적용)",만기일시상환,고정금리,5.00%,5.00%,5.00%,"1,250,000","영업지원본부,032-430-2141",http://www.incheonbank.com/,0324212111,영업점,-인지세:해당세액×50%(대출금액5천만원이하시없음),-0~2%(사업장별로차등적용),-약정금리+3%,0,0,0,0,50,0,0,50
10019,LN11010001302,광주은행,광주은행기타주택      담보대출II,담보인정비율(LTV)50%-최우선변제보증금,원리금분할상환,고정금리,5.02%,5.02%,-,-,영업추진부 수신지원팀 062-239-5206          여신지원팀 062-239-6509카드사업부 062-239-6107,http://www.kjbank.com,15883388,"영업점,모집인",1.인지대:50%2.근저당권설정비중고객부담항목-주택채권매입비용등,중도상환금액×중도상환수수료율×(대출잔여일수÷대출기간)※고정금리대출:1.5%※변동금리대출:1.3%,적용금리+3%(최고15%),0,0,0,0,50,0,0,50
10019,LN11010001302,광주은행,광주은행기타주택      담보대출II,담보인정비율(LTV)50%-최우선변제보증금,원금분할상환,고정금리,5.02%,5.02%,-,-,영업추진부 수신지원팀 062-239-5206          여신지원팀 062-239-6509카드사업부 062-239-6107,http://www.kjbank.com,15883388,"영업점,모집인",1.인지대:50%2.근저당권설정비중고객부담항목-주택채권매입비용등,중도상환금액×중도상환수수료율×(대출잔여일수÷대출기간)※고정금리대출:1.5%※변동금리대출:1.3%,적용금리+3%(최고15%),0,0,0,0,50,0,0,50
10019,LN11010001302,광주은행,광주은행기타주택      담보대출II,담보인정비율(LTV)50%-최우선변제보증금,만기일시상환,고정금리,5.04%,5.04%,-,-,영업추진부 수신지원팀 062-239-5206          여신지원팀 062-239-6509카드사업부 062-239-6107,http://www.kjbank.com,15883388,"영업점,모집인",1.인지대:50%2.근저당권설정비중고객부담항목-주택채권매입비용등,중도상환금액×중도상환수수료율×(대출잔여일수÷대출기간)※고정금리대출:1.5%※변동금리대출:1.3%,적용금리+3%(최고15%),0,0,0,0,50,0,0,50
12840,I212,대신저축은행,대신홈론,"LTV70%내(지역별,차주별차등적용)",원금분할상환,변동금리,5.58%,7.14%,-,-,"업무지원부, 02-519-8240 예적금문의 1644-5600",http://bank.daishin.com,16445600,"영업점,모집인","*인지세:대출금5천만원까지는수입인지비용이없으며,5천만원초과시대출금액별로차등부과(50%씩고객과저축은행이부담)*국민주택채권매입비용*화재보험료","3년이내2.0%,단,대출잔여기간1개월미만면제*산식=기한전상환대출금액x기한전상환수수료율x(대출잔여일수/대출약정기간)",*약정이율+3%(최고10.14%이내),0,0,0,0,50,0,0,50
12840,I212,대신저축은행,대신홈론,"LTV70%내(지역별,차주별차등적용)",원리금분할상환,변동금리,5.58%,7.14%,-,-,"업무지원부, 02-519-8240 예적금문의 1644-5600",http://bank.daishin.com,16445600,"영업점,모집인","*인지세:대출금5천만원까지는수입인지비용이없으며,5천만원초과시대출금액별로차등부과(50%씩고객과저축은행이부담)*국민주택채권매입비용*화재보험료","3년이내2.0%,단,대출잔여기간1개월미만면제*산식=기한전상환대출금액x기한전상환수수료율x(대출잔여일수/대출약정기간)",*약정이율+3%(최고10.14%이내),0,0,0,0,50,0,0,50
10575,JH0001C,조흥저축은행,주택담보대출,LTV70%,만기일시상환,고정금리,5.98%,5.98%,5.98%,"1,331,666",업무과 0556454411,http://chbank.net,0556454411,영업점,-인지세:해당세액×50%-국민주택채권매입비용,-중도상환금액×[1.5%~2%]×(대출잔여일수÷대출기간총일수),-실행금리+3%,0,0,0,0,50,0,0,50
10575,JH0001C,조흥저축은행,주택담보대출,LTV70%,원금분할상환,고정금리,5.98%,5.98%,5.98%,"1,084,577",업무과 0556454411,http://chbank.net,0556454411,영업점,-인지세:해당세액×50%-국민주택채권매입비용,-중도상환금액×[1.5%~2%]×(대출잔여일수÷대출기간총일수),-실행금리+3%,0,0,0,0,50,0,0,50
10575,JH0001C,조흥저축은행,주택담보대출,LTV70%,원리금분할상환,고정금리,5.98%,5.98%,5.98%,"1,109,201",업무과 0556454411,http://chbank.net,0556454411,영업점,-인지세:해당세액×50%-국민주택채권매입비용,-중도상환금액×[1.5%~2%]×(대출잔여일수÷대출기간총일수),-실행금리+3%,0,0,0,0,50,0,0,50
10562,7601,오성저축은행,주택담보대출,70%,만기일시상환,고정금리,6.75%,6.75%,6.75%,"1,395,833","여신팀,054-452-7861",http://sbboard.fsb.or.kr/carrateinqu_0100.act,0544527861,영업점,-인지세:해당세액×50%(대출금액5천만원이하시없음),-1년이내:중도상환금액*2.0%*대출잔여일수/대출기간총일수-2년이내:중도상환금액*1.5%*대출잔여일수/대출기간총일수-3년이내:중도상환금액*1.0%*대출잔여일수/대출기간총일수,약정금리+3%,0,0,0,0,50,0,0,50
13351,760220,OK저축은행,OK모기지론,1.규제지역별LTV한도차등적용-투기지역및투기과열지구최대LTV40%-조정대상지역최대LTV50%-비규제지역최대LTV70%2.최대8억원,원리금분할상환,변동금리,7.53%,10.87%,-,-,경영기획부 02-3704-9512,http://www.oksavingsbank.com/,18997979,"영업점,모집인,전화(텔레뱅킹)",-인지세:해당세액×50%(대출금액5천만원이하시없음)-국민주택채권매입비:대출금액×120%×1%×채권할인율,1.고정금리일경우:중도상환금액×2%×(대출잔여일수/대출기간)2.변동금리일경우:중도상환금액×1.9%×(대출잔여일수/대출기간)-중도상환수수료부과기간최대3년,약정금리+연3%가산(최대연19.99%),0,0,0,0,50,0,0,50
13351,760220,OK저축은행,OK모기지론,1.규제지역별LTV한도차등적용-투기지역및투기과열지구최대LTV40%-조정대상지역최대LTV50%-비규제지역최대LTV70%2.최대8억원,원금분할상환,변동금리,7.53%,10.87%,-,-,경영기획부 02-3704-9512,http://www.oksavingsbank.com/,18997979,"영업점,모집인,전화(텔레뱅킹)",-인지세:해당세액×50%(대출금액5천만원이하시없음)-국민주택채권매입비:대출금액×120%×1%×채권할인율,1.고정금리일경우:중도상환금액×2%×(대출잔여일수/대출기간)2.변동금리일경우:중도상환금액×1.9%×(대출잔여일수/대출기간)-중도상환수수료부과기간최대3년,약정금리+연3%가산(최대연19.99%),0,0,0,0,50,0,0,50
13351,760220,OK저축은행,OK모기지론,1.규제지역별LTV한도차등적용-투기지역및투기과열지구최대LTV40%-조정대상지역최대LTV50%-비규제지역최대LTV70%2.최대8억원,만기일시상환,변동금리,7.73%,11.08%,-,-,경영기획부 02-3704-9512,http://www.oksavingsbank.com/,18997979,"영업점,모집인,전화(텔레뱅킹)",-인지세:해당세액×50%(대출금액5천만원이하시없음)-국민주택채권매입비:대출금액×120%×1%×채권할인율,1.고정금리일경우:중도상환금액×2%×(대출잔여일수/대출기간)2.변동금리일경우:중도상환금액×1.9%×(대출잔여일수/대출기간)-중도상환수수료부과기간최대3년,약정금리+연3%가산(최대연19.99%),0,0,0,0,50,0,0,50
13351,760220,OK저축은행,OK모기지론,1.규제지역별LTV한도차등적용-투기지역및투기과열지구최대LTV40%-조정대상지역최대LTV50%-비규제지역최대LTV70%2.최대8억원,원금분할상환,고정금리,8.28%,11.63%,-,-,경영기획부 02-3704-9512,http://www.oksavingsbank.com/,18997979,"영업점,모집인,전화(텔레뱅킹)",-인지세:해당세액×50%(대출금액5천만원이하시없음)-국민주택채권매입비:대출금액×120%×1%×채권할인율,1.고정금리일경우:중도상환금액×2%×(대출잔여일수/대출기간)2.변동금리일경우:중도상환금액×1.9%×(대출잔여일수/대출기간)-중도상환수수료부과기간최대3년,약정금리+연3%가산(최대연19.99%),0,0,0,0,50,0,0,50
13351,760220,OK저축은행,OK모기지론,1.규제지역별LTV한도차등적용-투기지역및투기과열지구최대LTV40%-조정대상지역최대LTV50%-비규제지역최대LTV70%2.최대8억원,원리금분할상환,고정금리,8.28%,11.63%,-,-,경영기획부 02-3704-9512,http://www.oksavingsbank.com/,18997979,"영업점,모집인,전화(텔레뱅킹)",-인지세:해당세액×50%(대출금액5천만원이하시없음)-국민주택채권매입비:대출금액×120%×1%×채권할인율,1.고정금리일경우:중도상환금액×2%×(대출잔여일수/대출기간)2.변동금리일경우:중도상환금액×1.9%×(대출잔여일수/대출기간)-중도상환수수료부과기간최대3년,약정금리+연3%가산(최대연19.99%),0,0,0,0,50,0,0,50
13351,760220,OK저축은행,OK모기지론,1.규제지역별LTV한도차등적용-투기지역및투기과열지구최대LTV40%-조정대상지역최대LTV50%-비규제지역최대LTV70%2.최대8억원,만기일시상환,고정금리,8.48%,11.83%,-,-,경영기획부 02-3704-9512,http://www.oksavingsbank.com/,18997979,"영업점,모집인,전화(텔레뱅킹)",-인지세:해당세액×50%(대출금액5천만원이하시없음)-국민주택채권매입비:대출금액×120%×1%×채권할인율,1.고정금리일경우:중도상환금액×2%×(대출잔여일수/대출기간)2.변동금리일경우:중도상환금액×1.9%×(대출잔여일수/대출기간)-중도상환수수료부과기간최대3년,약정금리+연3%가산(최대연19.99%),0,0,0,0,50,0,0,50
10019,LN11010001302,광주은행,광주은행기타주택      담보대출II,담보인정비율(LTV)50%-최우선변제보증금,원금분할상환,변동금리,%,%,3.65%,"986,684",영업추진부 수신지원팀 062-239-5206          여신지원팀 062-239-6509카드사업부 062-239-6107,http://www.kjbank.com,15883388,"영업점,모집인",1.인지대:50%2.근저당권설정비중고객부담항목-주택채권매입비용등,중도상환금액×중도상환수수료율×(대출잔여일수÷대출기간)※고정금리대출:1.5%※변동금리대출:1.3%,적용금리+3%(최고15%),0,0,0,0,50,0,0,50
10019,LN11010001302,광주은행,광주은행기타주택      담보대출II,담보인정비율(LTV)50%-최우선변제보증금,원리금분할상환,변동금리,%,%,3.65%,"995,901",영업추진부 수신지원팀 062-239-5206          여신지원팀 062-239-6509카드사업부 062-239-6107,http://www.kjbank.com,15883388,"영업점,모집인",1.인지대:50%2.근저당권설정비중고객부담항목-주택채권매입비용등,중도상환금액×중도상환수수료율×(대출잔여일수÷대출기간)※고정금리대출:1.5%※변동금리대출:1.3%,적용금리+3%(최고15%),0,0,0,0,50,0,0,50
10019,LN11010001302,광주은행,광주은행기타주택      담보대출II,담보인정비율(LTV)50%-최우선변제보증금,만기일시상환,변동금리,%,%,3.74%,"1,145,000",영업추진부 수신지원팀 062-239-5206          여신지원팀 062-239-6509카드사업부 062-239-6107,http://www.kjbank.com,15883388,"영업점,모집인",1.인지대:50%2.근저당권설정비중고객부담항목-주택채권매입비용등,중도상환금액×중도상환수수료율×(대출잔여일수÷대출기간)※고정금리대출:1.5%※변동금리대출:1.3%,적용금리+3%(최고15%),0,0,0,0,50,0,0,50
