번호,회사명,상품명,보험료,가입연령,비고,가입형태,가입기준,분류,종류,공시이율,최저보증이율,구분,납입기간,보장범위지수,분류코드
1,롯데손보,let:click 해외여행보험(III),3990,19~79,,상담전화 1599-3113,상해1급(사무직 종사자 등) / 보험기간 7일 / 일시납,여행자보험(해외) 상품,,,,,,,14
2,하나손보,해외여행보험,4000,15~80,현재 모바일 앱/웹에서 가입가능합니다.,인터넷바로가입,상해1급(사무직 종사자 등) / 보험기간 7일 / 일시납,여행자보험(해외) 상품,,,,,,,14
3,캐롯손해보험,스마트ON 해외여행보험,4230,19~79,보험기간 1년 / 90일 한도 이용 가능,인터넷바로가입,상해1급(사무직 종사자 등) / 보험기간 7일 / 일시납,여행자보험(해외) 상품,,,,,,,14
4,DB손해보험,프로미 다이렉트 해외여행보험,4490,15~70,"※2021.09.13 이후 ""휴대품 손해"" 담보 가입불가",인터넷바로가입,상해1급(사무직 종사자 등) / 보험기간 7일 / 일시납,여행자보험(해외) 상품,,,,,,,14
5,농협손해보험,농협해외여행자보험,5000,15~80,,인터넷바로가입,상해1급(사무직 종사자 등) / 보험기간 7일 / 일시납,여행자보험(해외) 상품,,,,,,,14
6,캐롯손해보험,캐롯 해외여행보험,5040,19~79,,인터넷바로가입,상해1급(사무직 종사자 등) / 보험기간 7일 / 일시납,여행자보험(해외) 상품,,,,,,,14
7,삼성화재,해외여행보험,6430,0~79,,인터넷바로가입,상해1급(사무직 종사자 등) / 보험기간 7일 / 일시납,여행자보험(해외) 상품,,,,,,,14
8,에이스보험,Chubb 해외여행보험,6540,19~70,,인터넷바로가입,상해1급(사무직 종사자 등) / 보험기간 7일 / 일시납,여행자보험(해외) 상품,,,,,,,14
9,현대해상,현대해상다이렉트 해외여행보험,7000,19~80,,인터넷바로가입,상해1급(사무직 종사자 등) / 보험기간 7일 / 일시납,여행자보험(해외) 상품,,,,,,,14
10,KB손보,KB해외여행보험_다이렉트플랜,7142,19~79,당사 기본플랜 기준,인터넷바로가입,상해1급(사무직 종사자 등) / 보험기간 7일 / 일시납,여행자보험(해외) 상품,,,,,,,14
11,AIG손보,AIG여보 해외여행보험,10600,19~79,보장(담보) 총 14종/일시납,인터넷바로가입,상해1급(사무직 종사자 등) / 보험기간 7일 / 일시납,여행자보험(해외) 상품,,,,,,,14
1,하나손보,하나 국내여행보험,2350,15~69,보장담보 총7종/ 국내여행 개인형 가입은 모바일 앱에서 가능,인터넷바로가입 : https://www.educar.co.kr/w/product/travelLeisure/domesticTravelIndividualIntro,상해1급(사무직 종사자 등) / 보험기간 7일 / 일시납,여행자보험(국내) 상품,,,,,,,14
2,현대해상,현대해상다이렉트 국내여행보험,6500,15~65,보장 담보 총 8종,인터넷바로가입 : https://direct.hi.co.kr/service.do?src=image&kw=0171AD&m=ad41d84fce,상해1급(사무직 종사자 등) / 보험기간 7일 / 일시납,여행자보험(국내) 상품,,,,,,,14
3,DB손해보험,프로미 다이렉트 국내여행보험,6780,15~70,보장담보 총 11종,인터넷바로가입 : https://www.directdb.co.kr/product/gnrl/custinfoGnrl.do?searchPdcCd=10542&searchPdcTrtHistCd=00&pdcDvcd=g_in_trvl&partner_code=C088,상해1급(사무직 종사자 등) / 보험기간 7일 / 일시납,여행자보험(국내) 상품,,,,,,,14
4,농협손해보험,국내여행자보험,6930,15~80,보장 담보 총 10종,인터넷바로가입 : https://www.nhfire.co.kr/direct/product/retrieveCmProduct.nhfire?pdtCd=E720111,상해1급(사무직 종사자 등) / 보험기간 7일 / 일시납,여행자보험(국내) 상품,,,,,,,14
5,KB손보,KB국내여행보험,7000,15~79,보장 담보 총 5종,상담전화 1544-0114,상해1급(사무직 종사자 등) / 보험기간 7일 / 일시납,여행자보험(국내) 상품,,,,,,,14
6,롯데손보,let:discover 국내여행보험,8640,19~89,보장 담보 총 9종,상담전화 1599-3113,상해1급(사무직 종사자 등) / 보험기간 7일 / 일시납,여행자보험(국내) 상품,,,,,,,14
7,삼성화재,국내여행보험,12930,19~69,보장 담보 총 9종,인터넷바로가입 : http://direct.samsungfire.com/CR_MyAnycarWeb/overture_index.jsp?OTK=O1608OB0001,상해1급(사무직 종사자 등) / 보험기간 7일 / 일시납,여행자보험(국내) 상품,,,,,,,14
1,롯데손보,let:discover 해외장기체류자보험II,"225,720",15~79,보장담보 총 10종,상담전화 1599-3113,남자 40세 / 상해1급(사무직 종사자 등) / 보험기간 1년 / 일시납,여행자보험(유학생) 상품,,,,,,,14
2,캐롯손해보험,캐롯 장기체류보험,"241,060",19~59,,인터넷바로가입 : https://www.carrotins.com/desktop/calculation/general/overseasLongTerm/,남자 40세 / 상해1급(사무직 종사자 등) / 보험기간 1년 / 일시납,여행자보험(유학생) 상품,,,,,,,14
3,KB손보,KB해외장기체류(유학출장)보험_다이렉트,"270,860",8~69,보장담보 총 12종,인터넷바로가입 : http://direct.kbinsure.co.kr/websquare/promotion.jsp?pid=2090051&code=1006&page=intSt_step1 ,남자 40세 / 상해1급(사무직 종사자 등) / 보험기간 1년 / 일시납,여행자보험(유학생) 상품,,,,,,,14
4,현대해상,현대해상다이렉트 해외장기체류보험,"293,500",0~60,"유학생, 주재원 등을 위한 해외장기체류보험",인터넷바로가입 : https://direct.hi.co.kr/service.do?src=image&kw=0171AE&m=da100e959d,남자 40세 / 상해1급(사무직 종사자 등) / 보험기간 1년 / 일시납,여행자보험(유학생) 상품,,,,,,,14
5,삼성화재,글로벌케어,"395,500",1~79,"보장담보 총 11종(환율1,100원)",인터넷바로가입 : http://direct.samsungfire.com/CR_MyAnycarWeb/overture_index.jsp?OTK=F1512OB0002,남자 40세 / 상해1급(사무직 종사자 등) / 보험기간 1년 / 일시납,여행자보험(유학생) 상품,,,,,,,14
6,하나손보,하나 비바유학보험,"548,300",1~60,"해외상해실손의료비, 해외질병실손의료비 5만달러 기준",인터넷바로가입 : https://www.educar.co.kr/w/product/travelLeisure/studyAbroadIntro,남자 40세 / 상해1급(사무직 종사자 등) / 보험기간 1년 / 일시납,여행자보험(유학생) 상품,,,,,,,14
7,DB손해보험,프로미 다이렉트 해외장기체류보험(CM),"552,550",15~69,보장담보 총19종 남자 40세 1년 기준보험료,인터넷바로가입 : https://www.directdb.co.kr/product/gnrl/custinfoGnrl.do?searchPdcCd=13510&searchPdcTrtHistCd=00&pdcDvcd=g_ov_longtrvl,남자 40세 / 상해1급(사무직 종사자 등) / 보험기간 1년 / 일시납,여행자보험(유학생) 상품,,,,,,,14
1,KDB생명,연금저축(무)KDB다이렉트 연금보험,,,표기된 공시이율 : 2021.10월 기준,온라인 가입,월납/연금개시연령 60세,연금저축보험(세제적격) 상품,생명보험,2.55,5년 이하 1.25 / 5년 초과 10년 이하 1.0 / 10년 초과 0.75,,,,9
2,IBK연금보험,무배당 IBK 인터넷세액공제연금저축보험_2101,,,표기된 공시이율: 2021.10월 기준,인터넷바로가입 : https://www.ibki.co.kr/process/HP_DIRECTPENSION_PRODUCTINFO?bcsrc_seq=40&sal_sctn_cod=0001&sal_chn_cod=0004&chn_conn=PC_40_damoa,월납/연금개시연령 60세,연금저축보험(세제적격) 상품,생명보험,2.41,5년이내 1.25  / 5년초과 10년이내 1.00  / 10년초과 0.50,,,,9
3,하나생명,(무)하나원큐연금저축보험,,,표기된 공시이율 : 2021.10월 기준,인터넷바로가입 : https://m.hanalife.co.kr/pist/scr/prd/pn-prd-051,월납/연금개시연령 60세,연금저축보험(세제적격) 상품,생명보험,2.48,5년 이내 1.25 / 5년 초과 10년 이내 1.0 / 10년초과 0.75,,,,9
4,ABL생명,무배당 ABL인터넷연금저축보험,,,표시된 공시이율 2021년 10월 기준,인터넷바로가입 : https://online.abllife.co.kr/insurance-product/saving/annuitysaving.abl?utm_campaign=annuity&utm_source=insmarket-p&utm_medium=referral&utm_content=ebiz&utm_term=main_annuity,월납/연금개시연령 60세,연금저축보험(세제적격) 상품,생명보험,2.35,5년이하 1.25  / 5년초과 10년이하 1.0  /  10년초과 0.5,,,,9
5,IBK연금보험,무배당 IBK 세액공제연금저축보험_2101,,,표기된 공시이율: 2021.10월 기준,은행등 가입상담전화&nbsp;1577-4117,월납/연금개시연령 60세,연금저축보험(세제적격) 상품,생명보험,2.41,5년이내 1.25  / 5년초과 10년이내 1.00  / 10년초과 0.50,,,,9
6,삼성생명,삼성 인터넷연금저축보험2.2(무배당),,,표시된 공시이율: 2021.9월 기준,인터넷바로가입 : https://direct.samsunglife.com/annuitySaving.eds?cid=di:insmarket:annuitySaving:damoa:2101,월납/연금개시연령 60세,연금저축보험(세제적격) 상품,생명보험,2.25,10년이내 1.0 / 10년초과 0.5,,,,9
7,흥국생명,무배당 흥국생명 온라인연금저축보험,,,표기된 공시이율 : 2021.10월 기준,인터넷바로가입 : https://online.heungkuklife.co.kr/OnlineAdAction.do?utm_source=insmarket&utm_campaign=etc&utm_medium=INS_PC&utm_content=HK6,월납/연금개시연령 60세,연금저축보험(세제적격) 상품,생명보험,2.25,5년이내 1.25 / 5년초과10년이내 1.0 / 10년초과 0.5,,,,9
8,교보라이프플래닛,(무)라이프플래닛e연금저축보험Ⅱ(유니버셜),,,표기된 공시이율 : 2021.10월 기준 <br/> 의무납입기간 5년(60회 납입),인터넷바로가입 : https://www.lifeplanet.co.kr/products/pd/HPPD400S1.dev?src=image&kw=04A6A7&inflow=XX,월납/연금개시연령 60세,연금저축보험(세제적격) 상품,생명보험,2.1,5년 미만 1.25  /  5년 이상 10년 미만 1.00  /  10년 이상 0.75,,,,9
9,한화생명,한화생명 e연금저축보험 무배당,,,표기된 공시이율 : 2021. 9월 기준,인터넷바로가입 : https://www.onsure.co.kr/p/HOME/osc_quick_adgate.jsp?adcode=p_insmkt004&utm_source=einsmarket_pc&utm_medium=association&utm_campaign=annuity,월납/연금개시연령 60세,연금저축보험(세제적격) 상품,생명보험,2.26,3년 이내 1.0 3년초과 5년 이내 0.75 5년초과 0.5,,,,9
10,농협생명,"NH세테크연금저축보험(Self가입형,무배당)",,,표시된 공시이율 : 2021.10월 기준,인터넷바로가입 : https://www.nhelife.co.kr/ni/ig/NIIG0001M00.nhl,월납/연금개시연령 60세,연금저축보험(세제적격) 상품,생명보험,2.2,10년이내 1.0  /  10년초과 0.5 ,,,,9
10,농협생명,e-NH연금저축보험(무배당)_2101,,,표시된 공시이율 : 2021.10월 기준,은행등 가입상담전화&nbsp; 1899-0886 ,월납/연금개시연령 60세,연금저축보험(세제적격) 상품,생명보험,2.2,10년이내 1.0  /  10년초과 0.5 ,,,,9
11,신한라이프생명,신한연금저축보험Premium(무배당),,,표시된 공시이율 : 2021.10월 기준,인터넷바로가입 : https://e.shinhanlife.co.kr/source.ids?source=508,월납/연금개시연령 60세,연금저축보험(세제적격) 상품,생명보험,2.22,10년이내 1.0  /  10년초과 0.25,,,,9
12,교보라이프플래닛,교보라이프플래닛(무)b연금저축보험,,,표기된 공시이율 : 2021.10월 기준,은행등 가입상담전화&nbsp;1566-6930,월납/연금개시연령 60세,연금저축보험(세제적격) 상품,생명보험,2.1,5년 미만 1.25  /  5년 이상 10년 미만 1.00  /  10년 이상 0.75,,,,9
13,교보생명,연금저축 교보First연금보험,,,표시된 공시이율 : 2021. 8월 기준,은행등 가입상담전화&nbsp;1588-1099,월납/연금개시연령 60세,연금저축보험(세제적격) 상품,생명보험,2.05,5년미만 1.25  /  5년이상 10년미만 1.0  /  10년이상 0.5,,,,9
14,IBK연금보험,연금저축 웰컴투IBK연금보험_2101,,,표기된 공시이율: 2021.10월 기준<br/>연금저축 계좌이체 전용 상품,인터넷바로가입 : https://www.ibki.co.kr/process/HP_CTR_BEF_INS2019AF,월납/연금개시연령 60세,연금저축보험(세제적격) 상품,생명보험,2.0,5년이내 1.25  / 5년초과 10년이내 1.00  / 10년초과 0.50,,,,9
15,삼성화재,연금저축손해보험 삼성화재 다이렉트 연금저축(2101.7),,,표기된 공시이율 : 2021.04월 기준,인터넷바로가입 : http://direct.samsungfire.com/CR_MyAnycarWeb/overture_index.jsp?OTK=P1510OB0001,월납/연금개시연령 60세,연금저축보험(세제적격) 상품,손해보험,1.45,5년이하 1.25 / 5~10년 0.75 / 10년초과 0.25,,,,9
16,DB손해보험,연금저축손해보험 유배당 다이렉트 연금보험2101(CM),,,표기된 공시이율 : 2021.10월 기준,인터넷바로가입 : www.directdongbu.com/product/ltm/custInfoLtm.do?searchPdcCd=30551&searchPdcTrtHistCd=00&pdcDvcd=l_annuity&partner_code=C049,월납/연금개시연령 60세,연금저축보험(세제적격) 상품,손해보험,1.4,5년이하 1.25 / 5~10년 1.0 / 10년초과 0.5 ,,,,9
1,IBK연금보험,무배당 IBK 인터넷연금보험_2105,,,표기된 공시이율: 2021.10월 기준,인터넷바로가입 : https://www.ibki.co.kr/process/HP_DIRECTPENSION_PRODUCTINFO?bcsrc_seq=67&sal_sctn_cod=0001&sal_chn_cod=0004&chn_conn=PC_67_damoa,월납/연금개시연령 60세,연금저축보험(세제비적격) 상품,생명보험,2.34,5년이내 1.25  / 5년초과 10년이내 1.00  / 10년초과 0.50,,,,9
2,교보생명,"(무)교보First행복드림연금보험 1종(재해장해보장,기본연금형)(적립형)",,,표시된 공시이율 : 2021. 9월 기준,상세내용확인 : https://www.kyobo.co.kr/mm/bc/bc/SMMBCNLP001R01.form?prodCd=1000666,월납/연금개시연령 60세,연금저축보험(세제비적격) 상품,생명보험,2.29,5년미만 1.25 /  5년이상 10년미만 1.0 /  10년이상 0.5,,,,9
3,푸본현대생명,MAX 연금보험 하이파이브 무배당(B2101),,,표시된 공시이율 : 2021. 10월기준,상세내용확인 : http://www.fubonhyundai.com/process/Hhphm347.do,월납/연금개시연령 60세,연금저축보험(세제비적격) 상품,생명보험,2.3,3년이내 1.75  /  3~5년 1.25  /  5~10년 1.15  / 10년초과 0.5,,,,9
4,하나생명,(무)The하나연금보험 2형(무사망급부형),,,표기된 공시이율 : 2021.10월 기준,은행등 가입상담전화&nbsp;1577-1112,월납/연금개시연령 60세,연금저축보험(세제비적격) 상품,생명보험,2.35,10년이내 1.5  /  10년초과 1.0  / ,,,,9
5,IBK연금보험,무배당 평생플러스연금보험_2105,,,표기된 공시이율: 2021.10월 기준,은행등 가입상담전화&nbsp;1577-4117,월납/연금개시연령 60세,연금저축보험(세제비적격) 상품,생명보험,2.34,5년이내 1.25  / 5년초과 10년이내 1.00  / 10년초과 0.50,,,,9
6,하나생명,(무)목회자 복지 연금보험,,,표기된 공시이율 : 2021.10월 기준,인터넷바로가입 : https://m.hanalife.co.kr/pist/scr/prd/pn-prd-101,월납/연금개시연령 60세,연금저축보험(세제비적격) 상품,생명보험,2.35,10년이내 1.5  /  10년초과 1.0  / ,,,,9
7,IBK연금보험,무배당 IBK 원금보장연금보험_2101,,,표기된 공시이율: 2021.10월 기준,인터넷바로가입 : https://www.ibki.co.kr/process/HP_DIRECTPENSION_PRODUCTINFO?bcsrc_seq=67&sal_sctn_cod=0001&sal_chn_cod=0004&chn_conn=PC_67_damoa,월납/연금개시연령 60세,연금저축보험(세제비적격) 상품,생명보험,2.34,5년이내 1.25  / 5년초과 10년이내 1.00  / 10년초과 0.50,,,,9
8,동양생명,(무)엔젤연금보험,,,표기된 공시이율 : 2021.10월 기준,은행등 가입상담전화&nbsp;02-3676-9202,월납/연금개시연령 60세,연금저축보험(세제비적격) 상품,생명보험,2.3,5년이하 1.25 / 5년초과10년이내 1.0 / 10년초과0.5,,,,9
9,한화생명,한화생명 e연금보험 무배당,,,표기된 공시이율: 2021년 10월 기준,인터넷바로가입 : https://www.onsure.co.kr/p/HOME/osc_quick_adgate.jsp?adcode=p_insmkt005&utm_source=einsmarket_pc&utm_medium=association&utm_campaign=pension,월납/연금개시연령 60세,연금저축보험(세제비적격) 상품,생명보험,2.31,3년 이내 연복리 1.0 3년 초과 5년 이내 연복리 0.75 5년 초과 연복리 0.5,,,,9
10,농협생명,프리미엄NH연금보험(무배당)_2101(월납)(기본형),,,표시된 공시이율 : 2021.8월 기준,은행등 가입상담전화&nbsp;1899-0886  ,월납/연금개시연령 60세,연금저축보험(세제비적격) 상품,생명보험,2.17,10년이하 1.0  /  10년초과 0.5,,,,9
11,KB생명,무)KB계획이다있는연금보험,,,표기된 공시이율 : 2021년 8월 기준,인터넷바로가입 : https://www.kblife.co.kr/insurance-product/productDetails.do?linkCd=ON_PD_PI_01&utm_source=damoa_pc&utm_medium=annuity,월납/연금개시연령 60세,연금저축보험(세제비적격) 상품,생명보험,2.1,5년미만 1.0  /  5~10년 0.75  /  10년이상 0.50,,,,9
12,삼성생명,삼성 인터넷연금보험1.9(무배당),,,표시된 공시이율: 2021.10월 기준,인터넷바로가입 : https://direct.samsunglife.com/iAnnuity.eds?cid=di:insmarket:iAnnuity:damoa:2101,월납/연금개시연령 60세,연금저축보험(세제비적격) 상품,생명보험,2.3,10년이내 1.0 / 10년초과 0.5,,,,9
13,흥국생명,무배당 흥국생명 드림연금보험2101,,,표기된 공시이율 : 2021.10월 기준,은행등 가입상담전화&nbsp;1644-5611,월납/연금개시연령 60세,연금저축보험(세제비적격) 상품,생명보험,2.15,5년이내 1.25 / 5년초과10년이내 1.0 / 10년초과 0.5,,,,9
14,교보라이프플래닛,(무)라이프플래닛e연금보험Ⅱ(유니버셜),,,표기된 공시이율 : 2021.10월 기준 <br/> 의무납입기간 5년(60회 납입),인터넷바로가입 : https://www.lifeplanet.co.kr/products/pd/HPPD300S1.dev?src=image&kw=04A6A6&inflow=XX,월납/연금개시연령 60세,연금저축보험(세제비적격) 상품,생명보험,2.15,5년 미만 1.25  /  5년 이상 10년 미만 1.00  / 10년 이상 0.75,,,,9
15,교보라이프플래닛,교보라이프플래닛(무)b연금보험,,,표기된 공시이율 : 2021.10월 기준,은행등 가입상담전화&nbsp;1566-6930,월납/연금개시연령 60세,연금저축보험(세제비적격) 상품,생명보험,2.15,5년 미만 1.25  /  5년 이상 10년 미만 1.00  / 10년 이상 0.75,,,,9
1,미래에셋생명,미래에셋생명 온라인변액연금 무배당 2105,,,미보증형,인터넷 바로가입 : https://life.miraeasset.com/online/index.do?_OC_=942#MO-DR-020700-000000,월납/연금개시연령 60세,변액연금보험 상품,생명보험,2.25,,,,,10
2,IBK연금보험,무배당 IBK 인터넷변액연금보험_2101,,,2형(최저연금적립금 미보증형),인터넷 바로가입 : https://www.ibki.co.kr/process/HP_DIRECTPENSION_PRODUCTINFO?bcsrc_seq=69&sal_sctn_cod=0001&sal_chn_cod=0004&chn_conn=PC_69_damoa,월납/연금개시연령 60세,변액연금보험 상품,생명보험,2.25,,,,,10
3,한화생명,LIFEPLUS 상상e상 변액연금보험 무배당(4종),,,"4종(최저연금적립금 미보증형), 자산배분형V70 100%",인터넷 바로가입 : https://onsure.co.kr/p/contract/computeVariableAnnuity.do,월납/연금개시연령 60세,변액연금보험 상품,생명보험,2.25,,,,,10
4,한화생명,LIFEPLUS 상상e상 변액연금보험 무배당(3종),,,"3종(최저연금적립금 70%형), 자산배분형V70 100%",인터넷 바로가입 : https://onsure.co.kr/p/contract/computeVariableAnnuity.do,월납/연금개시연령 60세,변액연금보험 상품,생명보험,2.25,,,,,10
5,한화생명,LIFEPLUS 상상e상 변액연금보험 무배당(2종),,,"2종(최저연금적립금 90%형), 자산배분형V50 100%",인터넷 바로가입 : https://onsure.co.kr/p/contract/computeVariableAnnuity.do,월납/연금개시연령 60세,변액연금보험 상품,생명보험,2.25,,,,,10
6,미래에셋생명,미래에셋생명 온라인변액연금 무배당 2105,,,최저보증형(기납입보험료100%보증),인터넷 바로가입 : https://life.miraeasset.com/online/index.do?_OC_=942#MO-DR-020700-000000,월납/연금개시연령 60세,변액연금보험 상품,생명보험,2.25,,,,,10
7,한화생명,LIFEPLUS 상상e상 변액연금보험 무배당(1종),,,"1종(최저연금적립금 100%형), 자산배분형V30 100%",인터넷 바로가입 : https://onsure.co.kr/p/contract/computeVariableAnnuity.do,월납/연금개시연령 60세,변액연금보험 상품,생명보험,2.25,,,,,10
7,미래에셋생명,시간에 투자하는 변액연금보험(무)2108,,,최저연금보증형 1+a / 투자수익률 2.25% 가정 시,상담전화 02-1588-0220,월납/연금개시연령 60세,변액연금보험 상품,생명보험,2.25,,,,,10
8,미래에셋생명,시간에 투자하는 변액연금보험(무)2108,,,최저연금보증형 2+a / 투자수익률 2.25% 가정 시,상담전화 02-1588-0220,월납/연금개시연령 60세,변액연금보험 상품,생명보험,2.25,,,,,10
9,IBK연금보험,무배당 IBK 인터넷변액연금보험_2101,,,1형(최저연금적립금 보증형) </br>이미 납입한 보험료 105%보증,인터넷 바로가입 : https://www.ibki.co.kr/process/HP_DIRECTPENSION_PRODUCTINFO?bcsrc_seq=69&sal_sctn_cod=0001&sal_chn_cod=0004&chn_conn=PC_69_damoa,월납/연금개시연령 60세,변액연금보험 상품,생명보험,2.25,,,,,10
10,교보생명,미리 보는 내 연금 (무)교보First변액연금보험Ⅱ,,,,은행등 가입,월납/연금개시연령 60세,변액연금보험 상품,생명보험,2.25,,,,,10
11,DGB생명,HighFive변액연금보험 무배당 2109 1종(기본형),,,"1종(기본형), 투자수익률 2.25%가정시",은행등 가입,월납/연금개시연령 60세,변액연금보험 상품,생명보험,2.25,,,,,10
12,흥국생명,(무)AI가 관리해주는 속편한 변액연금보험(보증형),,,"연금개시연령 55세(10년납, 5년거치)<br/>투자수익률 2.25% 기준",,월납/연금개시연령 60세,변액연금보험 상품,생명보험,2.25,,,,,10
12,흥국생명,(무)AI가 관리해주는 속편한 변액연금보험(미보증형),,,"연금개시연령 55세(10년납, 5년거치)<br/>투자수익률 2.25% 기준",,월납/연금개시연령 60세,변액연금보험 상품,생명보험,2.25,,,,,10
1,한화손보,(무) 한화 OK2500 든든 운전자보험2101,2500,18~60,"보장(담보) 총 4종. 5, 10, 15, 20년만기 전기납. 순수보장형",인터넷바로가입 : https://www.hanwhadirect.com/landing.do?cmpgId=1000000841,남자 40세 / 상해1급(사무직 종사자 등)/자가용운전자 / 월납 / 최초계약기준,보장성보험 운전자보험 상품,,,,장기,,,13
2,MG손보,(무)다이렉트 무사고할인 하이패스 운전자보험,3900,19~60,"보장(담보) 총 5종, 20년만기/20년납",인터넷바로가입 : http://direct.mggeneralins.com/PD030010DM.scp?agCd=A0010001,남자 40세 / 상해1급(사무직 종사자 등)/자가용운전자 / 월납 / 최초계약기준,보장성보험 운전자보험 상품,,,,장기,,,13
3,AIG손보,(무)AIG다이렉트 운전자보험,5461,18~65,"보장(담보) 총 8종 (20년만기, 전기납)",인터넷바로가입 : https://www.aig.co.kr/wp/dpwpt075.html?menuId=MS1056&prodCd=L0225,남자 40세 / 상해1급(사무직 종사자 등)/자가용운전자 / 월납 / 최초계약기준,보장성보험 운전자보험 상품,,,,장기,,,13
4,MG손보,무배당 하이패스 운전자 상해보험(21.04),6554,18~69,"보장(담보) 총 4종 기준, 20년납/80세만기, 월납",전화 가입,남자 40세 / 상해1급(사무직 종사자 등)/자가용운전자 / 월납 / 최초계약기준,보장성보험 운전자보험 상품,,,,장기,,,13
5,하나손보,무배당 하나 가득담은 운전자보험(다이렉트)(2104),7900,18~70,"보장담보 총 14개, 연령별 보험료 동일",인터넷바로가입 : https://www.educar.co.kr/cal/longtermDriver,남자 40세 / 상해1급(사무직 종사자 등)/자가용운전자 / 월납 / 최초계약기준,보장성보험 운전자보험 상품,,,,장기,,,13
6,롯데손보,(무) let:click 운전자보험(2101),8900,20~70,"상해급수 1급, 40세 남자 기준, 20년납 20년만기, 기본플랜(자가용) 기준이며 플랜에 따라 담보 추가 가입이 가능합니다.",인터넷바로가입 : www.letclick.co.kr,남자 40세 / 상해1급(사무직 종사자 등)/자가용운전자 / 월납 / 최초계약기준,보장성보험 운전자보험 상품,,,,장기,,,13
6,KB손보,무배당 KB 다이렉트운전자보험(21.08),8900,18~70,보장(담보) 총 11종<br/>20년만기/20년납<br/>만기일부환급형,인터넷바로가입 : http://direct.kbinsure.co.kr/websquare/promotion.jsp?pid=1090060&code=1001&page=driver,남자 40세 / 상해1급(사무직 종사자 등)/자가용운전자 / 월납 / 최초계약기준,보장성보험 운전자보험 상품,,,,장기,,,13
6,DB손해보험,(무)다이렉트 참좋은운전자보험2108(CM),8900,19~70,보장(담보) 총7종 10년만기/10년납,인터넷바로가입 : www.directdongbu.com/product/ltm/custInfoLtm.do?searchPdcCd=30547&searchPdcTrtHistCd=00&pdcDvcd=l_driver&partner_code=C049,남자 40세 / 상해1급(사무직 종사자 등)/자가용운전자 / 월납 / 최초계약기준,보장성보험 운전자보험 상품,,,,장기,,,13
7,흥국화재,(무)흥국화재 다이렉트 운전자보험(21.01),9000,18~70,"보장(담보) 총 9종 /<br/> 3,5,7,10,15,20년 만기 /<br/>3,5,7,10,15,20년납 /<br/>만기환급형",인터넷바로가입 : https://www.eyoudirect.co.kr/?ccid=0591001001#/jdv/CMWEBJDVM1001,남자 40세 / 상해1급(사무직 종사자 등)/자가용운전자 / 월납 / 최초계약기준,보장성보험 운전자보험 상품,,,,장기,,,13
8,현대해상,(무) 현대해상다이렉트운전자보험(Hi2110)  - 스마트플랜,9500,18~77,"보장(담보) 총8종 10년만기, 10년납",인터넷바로가입 : https://direct.hi.co.kr/service.do?m=1dd7c83fe3&inpath=e_sure_market,남자 40세 / 상해1급(사무직 종사자 등)/자가용운전자 / 월납 / 최초계약기준,보장성보험 운전자보험 상품,,,,장기,,,13
9,삼성화재,무배당  삼성화재 다이렉트 운전자보험(2104.17),9900,19~70,보장(담보) 총 40종10년만기/10년납,인터넷바로가입 : http://direct.samsungfire.com/CR_MyAnycarWeb/overture_index.jsp?OTK=C1510OB0001,남자 40세 / 상해1급(사무직 종사자 등)/자가용운전자 / 월납 / 최초계약기준,보장성보험 운전자보험 상품,,,,장기,,,13
9,농협손해보험,(무)헤아림다이렉트운전자보험2101,9900,18~70,"보장(담보) 총 6종, 10년만기/10년납",인터넷바로가입 : https://www.nhfire.co.kr/product/retrieveProduct.nhfire?pdtCd=D312313,남자 40세 / 상해1급(사무직 종사자 등)/자가용운전자 / 월납 / 최초계약기준,보장성보험 운전자보험 상품,,,,장기,,,13
10,DB손해보험,(무)참좋은운전자보험(TM)2104(1종),10500,18~80,보장(담보) 총13종20년만기/20년납,전화 가입,남자 40세 / 상해1급(사무직 종사자 등)/자가용운전자 / 월납 / 최초계약기준,보장성보험 운전자보험 상품,,,,장기,,,13
11,DB손해보험,(무)다이렉트 참좋은라이더+보험2101(CM),22490,19~65,보장(담보) 총11종10년만기/10년납,인터넷바로가입 : https://www.directdb.co.kr/product/ltm/custInfoLtm.do?searchPdcCd=30580&searchPdcTrtHistCd=00&pdcDvcd=l_mtcc,남자 40세 / 상해1급(사무직 종사자 등)/자가용운전자 / 월납 / 최초계약기준,보장성보험 운전자보험 상품,,,,장기,,,13
1,캐롯손해보험,캐롯 990 운전자보험,990,19~79,"보장(담보) 총 4종 / 3년 만기 / 월납 / 순수보장형 (3년 총 납입 보험료 35,640원)",인터넷바로가입 : https://www.carrotins.com/desktop/calculation/general/driver990/,남자 40세 / 상해1급(사무직 종사자 등)/자가용운전자 / 월납 / 최초계약기준,보장성보험 운전자보험 상품,,,,단기,,,13
2,에이스보험,Chubb One-day레저보험 (5종),1100,20~70,"보장(담보) 총6종, 1일만기, 일시납, 순수보장형",인터넷바로가입 : https://www.acedirect.co.kr/servlets/contract/contractForward.ace?target=pc/contract/step01One&cmd=Step01Command&layout=type2,남자 40세 / 상해1급(사무직 종사자 등)/자가용운전자 / 월납 / 최초계약기준,보장성보험 운전자보험 상품,,,,단기,,,13
3,KB손보,KB스마트운전자보험(하루운전자플랜),2060,19~69,보장(담보) 총19종/1일~7일 단기소멸성(보험료는 1일 일시납(소멸성)금액임)/기본형/표준형/고급형,인터넷바로가입 : https://direct.kbinsure.co.kr/websquare/promotion.jsp?pid=6380156&code=0003&page=shtrOneday_step1,남자 40세 / 상해1급(사무직 종사자 등)/자가용운전자 / 월납 / 최초계약기준,보장성보험 운전자보험 상품,,,,단기,,,13
4,KB손보,KB스마트운전자보험,4304,19~69,"보장(담보) 총17종/1년 단기소멸성(보험료는 1년 일시납(소멸성)을 월납으로 환산한 금액임)/기본형/표준형/고급형 [1년 환산시 51,650원]",인터넷바로가입 : http://www.kbmagiccardirect.co.kr/websquare/promotion.jsp?pid=2090051&code=1006&page=shtr_step1,남자 40세 / 상해1급(사무직 종사자 등)/자가용운전자 / 월납 / 최초계약기준,보장성보험 운전자보험 상품,,,,단기,,,13
5,AXA손해보험,온라인스마트보험,8160,19~75,보장(담보) 총 10종. 3년만기 3년납. 순수보장형,온라인 가입,남자 40세 / 상해1급(사무직 종사자 등)/자가용운전자 / 월납 / 최초계약기준,보장성보험 운전자보험 상품,,,,단기,,,13
1,하나생명,(무)Top3간병보험Ⅱ,1910,20~75,보장(담보) 총9종 <br/> 90세만기 30년납 <br/> 순수보장형,상담전화 1577-1112,남자 40세 / 상해1급(사무직 종사자 등) / 자가용운전자 / 월납 / 최초계약기준,보장성보험 간병치매보험 상품,,,,,,,6
2,교보생명,(무)교보New가족든든치매보험 1종(저해지환급금형),71400,15~75,"보장(담보) 총 4종,20년납,월납,90세 만기,가입금액 1,000만원 기준",인터넷바로가입 : https://www.kyobo.co.kr/webdocs/view.jsp?screenId=SMMDINLM277&menuId=MN2204039&biztype=dr,남자 40세 / 상해1급(사무직 종사자 등) / 자가용운전자 / 월납 / 최초계약기준,보장성보험 간병치매보험 상품,,,,,,,6
3,ABL생명,무배당 ABL인터넷간편가입치매보험,77000,40~60,"보장(담보) 총 4종, 90세만기/20년납/순수보장형, 간편심사형, 보험가입금액 1,000만원",인터넷바로가입 : https://online.abllife.co.kr/insurance-product/health-coverage/dementia.abl?utm_campaign=dementia&utm_source=insmarket-p&utm_medium=referral&utm_content=ebiz&utm_term=main_dementia,남자 40세 / 상해1급(사무직 종사자 등) / 자가용운전자 / 월납 / 최초계약기준,보장성보험 간병치매보험 상품,,,,,,,6
4,라이나생명,무배당 라이나간병플러스치매보험,104800,30~75,"보장(담보)개수 5개, 90세만기, 20년납, 중도지급형, 1종페이백형 분할지급형",상세내용확인 : https://spot.wooribank.com/pot/Dream?withyou=ISBAC0075&cc=c026260:c026254;c012263:c012399&PRD_CD=P050000612&pPLM_BIZ_DSCD=05 ,남자 40세 / 상해1급(사무직 종사자 등) / 자가용운전자 / 월납 / 최초계약기준,보장성보험 간병치매보험 상품,,,,,,,6
1,교보라이프플래닛,"(무)라이프플래닛e종신보험(해지환급금 미지급형)(체감형, 표준체)",69000,19~55,"건강상태(비흡연체, 건강체)에 따라 보험료 할인 가능",인터넷바로가입 : https://www.lifeplanet.co.kr/products/pd/HPPD200S1.dev?src=image&kw=04A6B7&inflow=XX,가입금액 1억원 / 종신(20년납) / 월납 / 최초계약기준,보장성보험 종신보험 상품,,,,,,,1
2,교보라이프플래닛,"(무)라이프플래닛e종신보험(해지환급금 미지급형)(일반형, 표준체)",126100,19~60,"건강상태(비흡연체, 건강체)에 따라 보험료 할인 가능",인터넷바로가입 : https://www.lifeplanet.co.kr/products/pd/HPPD200S1.dev?src=image&kw=04A6B7&inflow=XX,가입금액 1억원 / 종신(20년납) / 월납 / 최초계약기준,보장성보험 종신보험 상품,,,,,,,1
3,흥국생명,(무)흥국생명 온라인가족사랑착한종신보험(해지환급금 미지급형V2),132000,15~70,가입금액 1억원  20년납  월납,인터넷바로가입 : https://online.heungkuklife.co.kr/OnlineAdAction.do?UTM_SOURCE=HK&UTM_CAMPAIGN=HK&UTM_MEDIUM=GNB_HKBN&UTM_CONTENT=HK0&APP_GB=2&CATEGORY=HK0,가입금액 1억원 / 종신(20년납) / 월납 / 최초계약기준,보장성보험 종신보험 상품,,,,,,,1
4,KB생명,"(무)KB, 알기쉬운 종신보험(해지환급금 과소지급형) 1종(일반심사형)",382000,19~65,"가입 1년 후부터 최소 90% 이상의 해지환급률 보장(베타추구형), 보험료 카드로 납입 가능, 카드사 포인트 획득 및 청구할인 혜택, 순수보장성",인터넷바로가입 : https://www.kblife.co.kr/insurance-product/productDetails.do?linkCd=ON_PD_EW_12&utm_source=damoa_pc&utm_medium=wholelife,가입금액 1억원 / 종신(20년납) / 월납 / 최초계약기준,보장성보험 종신보험 상품,,,,,,,1
1,KB생명,무배당KB착한정기보험II,5700,19~70,"건강상태(비흡연체, 건강체, 슈퍼건강체)에 따라 보험료 할인",인터넷바로가입 : https://www.kblife.co.kr/insurance-product/productDetails.do?linkCd=ON_PD_SR_01&utm_source=damoa_pc&utm_medium=termlife,가입금액 1억원 / 10년만기(전기납) / 월납 / 최초계약기준,보장성보험 정기보험 상품,,,,,,,2
1,하나생명,(무)가족사랑정기보험,5700,20~60,하나생명 기가입자 추가 할인(보험료의 3%)/모바일로 가입가능,인터넷바로가입 : https://m.hanalife.co.kr/pist/scr/prd/pn-prd-031,가입금액 1억원 / 10년만기(전기납) / 월납 / 최초계약기준,보장성보험 정기보험 상품,,,,,,,2
2,교보라이프플래닛,"(무)라이프플래닛e정기보험Ⅱ(순수보장형, 표준체)",5800,19~70,"건강상태(비흡연체, 건강체, 슈퍼건강체)에 따라 보험료 할인",인터넷바로가입 : https://www.lifeplanet.co.kr/products/pd/HPPD100S1.dev?src=image&kw=04A6B8&inflow=XX,가입금액 1억원 / 10년만기(전기납) / 월납 / 최초계약기준,보장성보험 정기보험 상품,,,,,,,2
3,DGB생명,세상간편정기보험 무배당 2104 2종(일반심사형),6400,20~64,"10년만기, 전기납, 순수보장형",인터넷바로가입 : https://www.dgbfnlife.com/dsmart/index.do?prdcd=GP1001 ,가입금액 1억원 / 10년만기(전기납) / 월납 / 최초계약기준,보장성보험 정기보험 상품,,,,,,,2
4,미래에셋생명,미래에셋생명 온라인 정기보험 무배당 2101,6800,20~60,"10년만기, 10년납, 표준체, 순수보장형, 건강체조건 충족시 보험료 할인",인터넷바로가입 : https://life.miraeasset.com/online/index.do?_OC_=923#MO-DR-020200-000000,가입금액 1억원 / 10년만기(전기납) / 월납 / 최초계약기준,보장성보험 정기보험 상품,,,,,,,2
5,흥국생명,무배당 흥국생명 온라인정기보험 2종(갱신형) 1형(기본형),7000,19~60,10년만기<br/>전기납<br/>표준체(비흡연체 할인 가능)<br/>순수보장형,인터넷바로가입 : https://online.heungkuklife.co.kr/OnlineAdAction.do?utm_source=insmarket&utm_campaign=etc&utm_medium=INS_PC&utm_content=HK3,가입금액 1억원 / 10년만기(전기납) / 월납 / 최초계약기준,보장성보험 정기보험 상품,,,,,,,2
5,흥국생명,무배당 흥국생명 온라인정기보험 1종(비갱신형) 1형(기본형),7000,19~60,20년만기<br/>전기납<br/>표준체(비흡연체 할인 가능)<br/>순수보장형,인터넷바로가입 : https://online.heungkuklife.co.kr/OnlineAdAction.do?utm_source=insmarket&utm_campaign=etc&utm_medium=INS_PC&utm_content=HK3,가입금액 1억원 / 10년만기(전기납) / 월납 / 최초계약기준,보장성보험 정기보험 상품,,,,,,,2
6,신한라이프생명,신한인터넷정기보험(무배당) [기본형],7100,19~60,보장(담보) 총1종/10년만기/전기납/기본형,인터넷바로가입 : https://e.shinhanlife.co.kr/source.ids?source=510,가입금액 1억원 / 10년만기(전기납) / 월납 / 최초계약기준,보장성보험 정기보험 상품,,,,,,,2
7,DGB생명,세상간편정기보험 무배당 2104 1종(간편심사형),7200,30~64,"10년만기, 전기납, 순수보장형",인터넷바로가입 : https://www.dgbfnlife.com/dsmart/index.do?prdcd=GP1001 ,가입금액 1억원 / 10년만기(전기납) / 월납 / 최초계약기준,보장성보험 정기보험 상품,,,,,,,2
8,한화생명,한화생명 e정기보험 무배당 (순수보장형),7400,19~70,"표준체 기준, 건강체 보험료 할인 가능",인터넷바로가입 : https://www.onsure.co.kr/p/HOME/osc_quick_adgate.jsp?adcode=p_insmkt006&utm_source=einsmarket_pc&utm_medium=association&utm_campaign=term,가입금액 1억원 / 10년만기(전기납) / 월납 / 최초계약기준,보장성보험 정기보험 상품,,,,,,,2
9,삼성생명,삼성 인터넷정기보험7.0(무배당),8000,20~60,순수보장형,인터넷바로가입 : https://direct.samsunglife.com/term.eds?cid=di:insmarket:term:damoa,가입금액 1억원 / 10년만기(전기납) / 월납 / 최초계약기준,보장성보험 정기보험 상품,,,,,,,2
10,신한라이프생명,신한인터넷정기보험(무배당) [재해보장형],8500,19~60,보장(담보) 총2종/10년만기/전기납/재해보장형,가입상담 신청 : https://e.shinhanlife.co.kr/source.ids?source=510,가입금액 1억원 / 10년만기(전기납) / 월납 / 최초계약기준,보장성보험 정기보험 상품,,,,,,,2
11,ABL생명,무배당 ABL인터넷정기보험,10000,19~50,"10년만기, 전기납, 표준체, 순수보장형",인터넷바로가입 : https://online.abllife.co.kr/insurance-product/health-coverage/term.abl?utm_campaign=termlife&utm_source=insmarket-p&utm_medium=referral&utm_content=ebiz&utm_term=main_termlife&_OC_=term_ins-p_referral_ebiz,가입금액 1억원 / 10년만기(전기납) / 월납 / 최초계약기준,보장성보험 정기보험 상품,,,,,,,2
12,BNP파리바카디프생명,(무)(e)대출안심보장보험,12200,19~65,"보장(담보) 총 5종, 5~30년 만기(5년 단위), 5~30년납(5년단위), 순수보장형, 19세는 만 연령 기준",인터넷바로가입 : https://online.cardif.co.kr/index.jsp?enterWay=2&partner=A0041,가입금액 1억원 / 10년만기(전기납) / 월납 / 최초계약기준,보장성보험 정기보험 상품,,,,,,,2
13,처브라이프생명,Chubb 비흡연할인 받는 정기보험(갱신형) 무배당,90800,20~55,연납/10년 만기/전기납/표준체(비흡연체 할인 가능),인터넷바로가입 : https://esmart.chubblife.co.kr/direct/main.do,가입금액 1억원 / 10년만기(전기납) / 월납 / 최초계약기준,보장성보험 정기보험 상품,,,,,,,2
1,한화손보,(무) 한화 3700 아파트가정종합보험2101,"3,700",19~80,"보장(담보) 총 8종. 5, 10년만기 전기납. 순수보장형",인터넷바로가입 : https://www.hanwhadirect.com/landing.do?cmpgId=1000000958,주택물건1급 / 공급면적 109.09m&sup2(33평형) / 월납(보험기간 3년이내인 경우 일시납기준),보장성보험 화재재물보험 상품,,,,장기,,,18
2,DB손해보험,(무)다이렉트 가정보장보험2110(CM),"9,500",19~80,보장(담보) 총 5종  10년만기 / 10년납,인터넷바로가입 : www.directdongbu.com/product/ltm/custInfoLtm.do?searchPdcCd=30549&searchPdcTrtHistCd=00&pdcDvcd=l_fire&partner_code=C049,주택물건1급 / 공급면적 109.09m&sup2(33평형) / 월납(보험기간 3년이내인 경우 일시납기준),보장성보험 화재재물보험 상품,,,,장기,,,18
3,MG손보,(무) NEW 한지붕 상해종합보험(21.04),"10,000",20~70,3/5/10/15/20년납,전화 가입,주택물건1급 / 공급면적 109.09m&sup2(33평형) / 월납(보험기간 3년이내인 경우 일시납기준),보장성보험 화재재물보험 상품,,,,장기,,,18
4,에이스보험,(무)Chubb 다이렉트 우리아파트 안심보험I1904 (2종 임차자형),"10,350",20~80,"보장(담보) 총 11종, 3년만기, 전기납, 순수보장형",인터넷바로가입 : https://www.acedirect.co.kr/servlets/contract/contractForward.ace?target=pc/contract/step01Apt&cmd=Step01Command&layout=type2,주택물건1급 / 공급면적 109.09m&sup2(33평형) / 월납(보험기간 3년이내인 경우 일시납기준),보장성보험 화재재물보험 상품,,,,장기,,,18
5,KB손보,무배당 KB 다이렉트주택화재보험(21.04),"14,900",20~70,보장(담보) 총 6종<br/>5년만기/5년납<br/>만기일부환급형,인터넷바로가입 : http://direct.kbinsure.co.kr/home/#/WSGL/HF/LNGTRM_HF0101M ,주택물건1급 / 공급면적 109.09m&sup2(33평형) / 월납(보험기간 3년이내인 경우 일시납기준),보장성보험 화재재물보험 상품,,,,장기,,,18
6,하나손보,무배당 하나 가득담은 화재보험(2104),"15,000",15~75,"보장(담보) 총 6종, 20년만기/20년납",전화 가입,주택물건1급 / 공급면적 109.09m&sup2(33평형) / 월납(보험기간 3년이내인 경우 일시납기준),보장성보험 화재재물보험 상품,,,,장기,,,18
7,에이스보험,(무)Chubb 다이렉트 우리아파트 안심보험I1904 (1종 집소유자형),"15,270",20~80,"보장(담보) 총 14종, 3년만기, 전기납, 순수보장형",인터넷바로가입 : https://www.acedirect.co.kr/servlets/contract/contractForward.ace?target=pc/contract/step01Apt&cmd=Step01Command&layout=type2,주택물건1급 / 공급면적 109.09m&sup2(33평형) / 월납(보험기간 3년이내인 경우 일시납기준),보장성보험 화재재물보험 상품,,,,장기,,,18
8,삼성화재,무배당 삼성화재 다이렉트 주택화재종합보험(2101.11),"19,900",19~100,"보장(담보) 총15종<br/>3년, 5년, 10년, 15년 만기/3년, 5년, 10년, 15년 납",인터넷바로가입 : http://direct.samsungfire.com/CR_MyAnycarWeb/overture_index.jsp?OTK=W1510OB0001,주택물건1급 / 공급면적 109.09m&sup2(33평형) / 월납(보험기간 3년이내인 경우 일시납기준),보장성보험 화재재물보험 상품,,,,장기,,,18
9,KB손보,무배당 KB 홈앤비즈케어종합보험(21.06),"20,000",15~70,보장(담보) 총 5종<br/>3년만기/3년납<br/>만기일부환급형,설계사 상담,주택물건1급 / 공급면적 109.09m&sup2(33평형) / 월납(보험기간 3년이내인 경우 일시납기준),보장성보험 화재재물보험 상품,,,,장기,,,18
10,삼성화재,무배당 삼성화재 다이렉트 사업장 화재보험(2106.2),"22,805",19~100,"휴게음식점 기준<br/>보장(담보) 총16종<br/>보험기간 3년, 5년, 10년",인터넷바로가입 : http://direct.samsungfire.com/CR_MyAnycarWeb/overture_index.jsp?OTK=BF2103OB001,주택물건1급 / 공급면적 109.09m&sup2(33평형) / 월납(보험기간 3년이내인 경우 일시납기준),보장성보험 화재재물보험 상품,,,,장기,,,18
1,KB손보,KB간편가입아파트화재보험(실손형),"12,300",19~100,- 전월세/자가거주/임대물건 선택 가능 <br/> - 보험기간 1개월~3년 선택<br/> - 일시납/아파트,인터넷바로가입 : https://direct.kbinsure.co.kr,주택물건1급 / 공급면적 109.09m&sup2(33평형) / 월납(보험기간 3년이내인 경우 일시납기준),보장성보험 화재재물보험 상품,,,,단기,,,18
2,삼성화재,자영업자종합보험,"16,000",19~100,주거형오피스텔1년만기/일시납,인터넷바로가입 : http://direct.samsungfire.com/CR_MyAnycarWeb/overture_index.jsp?OTK=JY2104OB001,주택물건1급 / 공급면적 109.09m&sup2(33평형) / 월납(보험기간 3년이내인 경우 일시납기준),보장성보험 화재재물보험 상품,,,,단기,,,18
3,롯데손보,주택화재보험,"31,400",0~100,보장(담보) 총2종 / 1년만기일시납,인터넷바로가입 : http://www.lottehowmuch.com/index2.jsp?IF=AFCOC000047010&PB=010,주택물건1급 / 공급면적 109.09m&sup2(33평형) / 월납(보험기간 3년이내인 경우 일시납기준),보장성보험 화재재물보험 상품,,,,단기,,,18
4,현대해상,하이주택화재상해보험,"48,960",19~80,1년만기일시납/아파트,인터넷바로가입 : https://direct.hi.co.kr/service.do?src=image&kw=0171B3&m=b686a8ee49,주택물건1급 / 공급면적 109.09m&sup2(33평형) / 월납(보험기간 3년이내인 경우 일시납기준),보장성보험 화재재물보험 상품,,,,단기,,,18
5,삼성화재,애니홈 종합보험,"73,530",19~100,아파트 기준1년만기/일시납,인터넷바로가입 : http://direct.samsungfire.com/CR_MyAnycarWeb/overture_index.jsp?OTK=VV2104OB001,주택물건1급 / 공급면적 109.09m&sup2(33평형) / 월납(보험기간 3년이내인 경우 일시납기준),보장성보험 화재재물보험 상품,,,,단기,,,18
1,캐롯손해보험,캐롯 투게더 홀인원보험,"2,500",19~100,홀인원 비용 담보 1종 / 보험기간 1일 / 1인 가입,인터넷바로가입 : https://www.carrotins.com/desktop/calculation/general/holeinone/,남자 40세 / 상해1급(사무직 종사자 등) ,보장성보험 골프보험 상품,,,,,,,15
2,KB손보,KB골프보험(1일 골프플랜),"7,770",20~69,보장(담보) 총 4종 / 1일 단기소멸성,인터넷바로가입 : http://www.kbmagiccardirect.co.kr/websquare/promotion.jsp?pid=2090051&code=1006&page=golf_step1,남자 40세 / 상해1급(사무직 종사자 등) ,보장성보험 골프보험 상품,,,,,,,15
3,삼성화재,삼성화재 다이렉트 골프보험(일일형),"8,430",19~79,일일형 / 보장(담보) 총6종,인터넷바로가입 : ,남자 40세 / 상해1급(사무직 종사자 등) ,보장성보험 골프보험 상품,,,,,,,15
4,현대해상,골프보험,"21,300",19~80,1년만기,인터넷바로가입 : https://direct.hi.co.kr/service.do?src=image&kw=0171B2&m=1e760af7b1,남자 40세 / 상해1급(사무직 종사자 등) ,보장성보험 골프보험 상품,,,,,,,15
5,DB손해보험,프로미 다이렉트 골프보험(CM),"22,000",15~80,보장(담보) 총4종<br/>배상책임 자기부담금 2만원(사고당),인터넷바로가입 : https://www.directdongbu.com/product/ltmgnrl/A0000000000000000004/uri.do ,남자 40세 / 상해1급(사무직 종사자 등) ,보장성보험 골프보험 상품,,,,,,,15
6,롯데손보,홀인원보험,"91,260",0~100,"1년단기보험 (소멸성), 실속형/고급형 플랜",인터넷바로가입 : http://www.lottehowmuch.com/index2.jsp?IF=AFCOC000047009&PB=009,남자 40세 / 상해1급(사무직 종사자 등) ,보장성보험 골프보험 상품,,,,,,,15
1,푸본현대생명,MAX 저축보험 스페셜 무배당(B2103),,,유지기간 : 12년,,남자40세 / 월보험료 30만원 / 보험기간 10년 만기(전기납) / 유지기간 10년,금리확정형저축보험 상품,생명보험,2.1,2.1,,,,11
2,ABL생명,무배당 ABL인터넷확정금리저축보험,,,1년만기 전기납,인터넷 바로가입 : https://online.abllife.co.kr/insurance-product/saving/fixedsaving.abl,남자40세 / 월보험료 30만원 / 보험기간 10년 만기(전기납) / 유지기간 10년,금리확정형저축보험 상품,생명보험,3.0,-,,,,11
1,미래에셋생명,미래에셋생명 온라인 변액저축보험 무배당 2105 진심의 차이,,,https://life.miraeasset.com/online/index.do?_OC_=930#MO-DR-020600-000000,인터넷 바로가입 : https://life.miraeasset.com/online/index.do?_OC_=930#MO-DR-020600-000000,남자40세 / 월보험료 30만원 / 보험기간 종신(10년납 또는 20년납),변액(유니버셜)저축보험 상품,생명보험,2.25,,,10.0,,11
2,흥국생명,무배당 베리굿(Vari-Good)변액저축보험B2101(적립형),,,은행등 가입상담전화 1644-5611,상담전화 1644-5611,남자40세 / 월보험료 30만원 / 보험기간 종신(10년납 또는 20년납),변액(유니버셜)저축보험 상품,생명보험,2.25,,,10.0,,11
3,BNP파리바카디프생명,무배당 더쉬운자산관리 ETF변액보험Ⅲ(적립형),,,https://www.cardif.co.kr/ko/web/main/product/saving-investment/theeasywm-etf-vl,은행등 가입,남자40세 / 월보험료 30만원 / 보험기간 종신(10년납 또는 20년납),변액(유니버셜)저축보험 상품,생명보험,2.25,,,10.0,,11
4,삼성생명,삼성 에이스변액저축보험B1.4(무배당),,,은행등 가입,은행등 가입,남자40세 / 월보험료 30만원 / 보험기간 종신(10년납 또는 20년납),변액(유니버셜)저축보험 상품,생명보험,2.25,,,10.0,,11
1,ABL생명,무배당 보너스주는변액저축보험,,,은행등 가입상담전화 02-3787-7000,상담전화 02-3787-7000,남자40세 / 월보험료 30만원 / 보험기간 종신(10년납 또는 20년납),변액(유니버셜)저축보험 상품,생명보험,2.25,,,20.0,,11
2,미래에셋생명,미래에셋생명 온라인 변액저축보험 무배당 2105 진심의 차이,,,https://life.miraeasset.com/online/index.do?_OC_=930#MO-DR-020600-000000,인터넷 바로가입 : https://life.miraeasset.com/online/index.do?_OC_=930#MO-DR-020600-000000,남자40세 / 월보험료 30만원 / 보험기간 종신(10년납 또는 20년납),변액(유니버셜)저축보험 상품,생명보험,2.25,,,20.0,,11
3,흥국생명,무배당 베리굿(Vari-Good)변액저축보험B2101(적립형),,,은행등 가입상담전화 1644-5611,상담전화 1644-5611,남자40세 / 월보험료 30만원 / 보험기간 종신(10년납 또는 20년납),변액(유니버셜)저축보험 상품,생명보험,2.25,,,20.0,,11
4,미래에셋생명,미래에셋생명 변액저축보험(무)2108 장기집중형,,,은행등 가입상담전화 02-1588-0220,상담전화 02-1588-0220,남자40세 / 월보험료 30만원 / 보험기간 종신(10년납 또는 20년납),변액(유니버셜)저축보험 상품,생명보험,2.25,,,20.0,,11
5,미래에셋생명,미래에샛생명 변액저축보험(무)2108 기본형,,,은행등 가입상담전화 02-1588-0220,상담전화 02-1588-0220,남자40세 / 월보험료 30만원 / 보험기간 종신(10년납 또는 20년납),변액(유니버셜)저축보험 상품,생명보험,2.25,,,20.0,,11
1,ABL생명,무배당 ABL인터넷보너스주는저축보험,,,표시된 공시이율 : 2021년 10월 기준,인터넷 바로가입 : https://online.abllife.co.kr/insurance-product/saving/saving.abl?utm_campaign=savings&utm_source=insmarket-p&utm_medium=referral&utm_content=ebiz&utm_term=main_savings&_OC_=savings_ins-p_referral_ebiz,남자40세 / 월보험료 30만원 / 5년납 또는 전기납 / 유지기간 10년,금리연동형저축보험 상품,생명보험,2.25,5년 이내  1.25  5년 초과 10년 이내  1.0  10년 초과  0.5,,5.0,,11
2,교보라이프플래닛,(무)1년부터e저축보험,,,표기된 공시이율 : 2021.10월 기준 <br/> 중도인출 및 추가납입 가능,인터넷 바로가입 : https://www.lifeplanet.co.kr/products/pd/HPPD700S1.dev?src=image&kw=04A6BA&inflow=XX,남자40세 / 월보험료 30만원 / 5년납 또는 전기납 / 유지기간 10년,금리연동형저축보험 상품,생명보험,2.05,5년 미만 1.25  5년 이상 10년 미만 1.00  10년 이상 0.75,,5.0,,11
2,동양생명,(무)수호천사온라인더좋은저축보험,,,표기된 공시이율 : 2021.10월 기준,인터넷 바로가입 : https://online.myangel.co.kr/product/prdt09.e1004,남자40세 / 월보험료 30만원 / 5년납 또는 전기납 / 유지기간 10년,금리연동형저축보험 상품,생명보험,2.14,5년이하 1.255년초과 10년이내 1.010년초과0.5,,5.0,,11
3,ABL생명,무배당 보너스주는저축보험,,,표시된 공시이율 : 2021년 10월 기준,상담전화 02-3787-7000,남자40세 / 월보험료 30만원 / 5년납 또는 전기납 / 유지기간 10년,금리연동형저축보험 상품,생명보험,2.25,5년 이내  1.25  5년 초과 10년 이내  1.0  10년 초과  0.5,,5.0,,11
3,ABL생명,무배당 보너스주는e저축보험,,,표시된 공시이율 : 2021년 10월 기준,상담전화 02-3787-7000,남자40세 / 월보험료 30만원 / 5년납 또는 전기납 / 유지기간 10년,금리연동형저축보험 상품,생명보험,2.25,5년 이내  1.25  5년 초과 10년 이내  1.0  10년 초과  0.5,,5.0,,11
4,농협생명,"NH부자습관저축보험(Self가입형,무배당)",,,표기된 공시이율 : 2021.10월 기준,인터넷 바로가입 :   https://www.nhelife.co.kr/ni/ig/NIIG0004M00.nhl,남자40세 / 월보험료 30만원 / 5년납 또는 전기납 / 유지기간 10년,금리연동형저축보험 상품,생명보험,2.2,10년이하 1.0  10년초과 0.5,,5.0,,11
5,한화생명,한화생명 e재테크 저축보험 무배당,,,표기된 공시이율 : 2021. 10월 기준,인터넷 바로가입 : https://www.onsure.co.kr/p/HOME/osc_quick_adgate.jsp?adcode=p_insmkt001&utm_source=einsmarket_pc&utm_medium=association&utm_campaign=savings,남자40세 / 월보험료 30만원 / 5년납 또는 전기납 / 유지기간 10년,금리연동형저축보험 상품,생명보험,2.22,3년이내 1.2 3년초과 5년이내 0.75 5년초과 0.5,,5.0,,11
6,삼성생명,삼성 인터넷저축보험2.2(무배당),,,표시된 공시이율: 2021.3월 기준,인터넷 바로가입 : https://direct.samsunglife.com/saving.eds?cid=di:insmarket:saving:damoa:2101,남자40세 / 월보험료 30만원 / 5년납 또는 전기납 / 유지기간 10년,금리연동형저축보험 상품,생명보험,2.25,10년이내 1.010년초과 0.5,,5.0,,11
7,흥국생명,무배당 흥국생명 드림저축보험2101(수익형),,,표기된 공시이율 : 2021.10월 기준,상담전화 1644-5611,남자40세 / 월보험료 30만원 / 5년납 또는 전기납 / 유지기간 10년,금리연동형저축보험 상품,생명보험,2.26,5년이내 1.25  5년초과10년이내 1.0  10년초과 0.5,,5.0,,11
8,한화손보,무배당 프리미엄저축보험2101,,,"""표기된 공시이율 : 2021.1월기준",은행등 가입,남자40세 / 월보험료 30만원 / 5년납 또는 전기납 / 유지기간 10년,금리연동형저축보험 상품,손해보험,2.0,5년이하 1.0  5년초과 0.75  10년초과 0.3,,5.0,,11
9,삼성생명,삼성 New에이스저축보험B2.8(무배당),,,표시된 공시이율: 2021.3월 기준,은행등 가입,남자40세 / 월보험료 30만원 / 5년납 또는 전기납 / 유지기간 10년,금리연동형저축보험 상품,생명보험,2.25,10년이내 1.010년초과 0.5,,5.0,,11
10,KDB생명,(무)KDB양로저축보험,,,표시된 공시이율 : 2021.7월 기준,은행등 가입,남자40세 / 월보험료 30만원 / 5년납 또는 전기납 / 유지기간 10년,금리연동형저축보험 상품,생명보험,2.15,1.8,,5.0,,11
11,동양생명,(무)엔젤양로저축보험,,,표기된 공시이율 : 2021.10월 기준,상담전화 3676-9202,남자40세 / 월보험료 30만원 / 5년납 또는 전기납 / 유지기간 10년,금리연동형저축보험 상품,생명보험,2.14,1.6,,5.0,,11
12,DB생명,무배당 백년친구 부자되는 DB저축보험Ⅰ(2101),,,표시된 공시이율 : 2021.1월 기준,상세내용확인 : https://market.idblife.com/Product/product.do?pSeq=318,남자40세 / 월보험료 30만원 / 5년납 또는 전기납 / 유지기간 10년,금리연동형저축보험 상품,생명보험,2.2,10년이내 1.0  10년초과 0.5,,5.0,,11
13,한화생명,한화생명 스마트V저축보험 무배당,,,표기된 공시이율 : 2021. 9월 기준,상담전화 1577-6301,남자40세 / 월보험료 30만원 / 5년납 또는 전기납 / 유지기간 10년,금리연동형저축보험 상품,생명보험,2.22,3년 이내 1.2  3년 초과 5년 이내 0.75 5년 초과 0.5,,5.0,,11
13,동양생명,(무)엔젤행복저축보험,,,표기된 공시이율 : 2021.10월 기준,상담전화 3676-9202,남자40세 / 월보험료 30만원 / 5년납 또는 전기납 / 유지기간 10년,금리연동형저축보험 상품,생명보험,2.14,5년이하 1.255년초과 10년이내 1.010년초과0.5,,5.0,,11
14,농협생명,프리미엄NH저축보험(무배당)_2101(적립형)(수익형),,,표기된 공시이율 : 2021.10월 기준,상담전화 1899-0886,남자40세 / 월보험료 30만원 / 5년납 또는 전기납 / 유지기간 10년,금리연동형저축보험 상품,생명보험,2.2,10년이하 1.0  10년초과 0.5,,5.0,,11
15,교보라이프플래닛,교보라이프플래닛(무)b저축보험,,,표기된 공시이율 : 2021.10월 기준 <br/> 중도인출 및 추가납입 가능,상담전화  1566-6930 ,남자40세 / 월보험료 30만원 / 5년납 또는 전기납 / 유지기간 10년,금리연동형저축보험 상품,생명보험,2.05,5년 미만 1.25  5년 이상 10년 미만 1.00  10년 이상 0.75,,5.0,,11
16,교보생명,무배당교보First저축보험Ⅲ(적립형),,,표시된 공시이율 : 2021. 9월 기준,인터넷 바로가입 : https://www.kyobo.co.kr/mm/bc/bc/SMMBCNLP001R01.form?prodCd=1000555,남자40세 / 월보험료 30만원 / 5년납 또는 전기납 / 유지기간 10년,금리연동형저축보험 상품,생명보험,2.26,년미만 1.255년이상 10년미만 1.010년이상 0.75,,5.0,,11
17,교보라이프플래닛,(무)라이프플래닛e에듀케어저축보험Ⅱ,,,표기된 공시이율 : 2021.10월 기준,인터넷 바로가입 : https://www.lifeplanet.co.kr/products/pd/HPPD600S1.dev?src=image&kw=04A6BB&inflow=XX,남자40세 / 월보험료 30만원 / 5년납 또는 전기납 / 유지기간 10년,금리연동형저축보험 상품,생명보험,2.05,5년 미만 1.25  5년 이상 10년 미만 1.00  10년 이상 0.75,,5.0,,11
18,농협손해보험,(무)헤아림NH다솜저축보험2101(1종:저축플랜),,,표시된 공시이율: 2021년 10월 기준,은행등 가입,남자40세 / 월보험료 30만원 / 5년납 또는 전기납 / 유지기간 10년,금리연동형저축보험 상품,손해보험,1.55,5년이하 1.25  5~10년 1.0  10년초과 0.5,,5.0,,11
1,교보라이프플래닛,(무)라이프플래닛e플러스어린이보험Ⅱ(순수보장형),906,5~15,보장(담보) 총 16종 <br/> 10년만기 / 전기납 <br/> 순수보장형 <br/> (가입조건에 따라 0세(태아포함) ~ 15세 가입가능),인터넷바로가입 : https://www.lifeplanet.co.kr/products/pd/HPPD500S1.dev?src=image&kw=04A6B9&inflow=XX,남자5세 / 월납 / 최초계약기준,어린이태아보험 상품,생명보험,,,,,,7
2,교보라이프플래닛,(무)라이프플래닛e플러스어린이종합보험(순수보장형),1390,5~15,"보장(담보) 총 22종 <br/> 10년만기 / 전기납 <br/> 순수보장형 <br/> (가입조건에 따라 0세(태아포함) ~ 15세 가입가능) <br/> 다자녀 할인(2인 : 보험료의 3%, 3인 이상 : 보험료의 5%)",인터넷바로가입 : https://www.lifeplanet.co.kr/products/pf/HPPF300S1.dev,남자5세 / 월납 / 최초계약기준,어린이태아보험 상품,생명보험,,,,,,7
3,교보라이프플래닛,(무)라이프플래닛e플러스어린이보험Ⅱ(만기환급형),2745,0~15,보장(담보) 총 17종 <br/> 30세만기 / 전기납 <br/> 100%환급형,인터넷바로가입 : https://www.lifeplanet.co.kr/products/pd/HPPD500S1.dev?src=image&kw=04A6B9&inflow=XX,남자5세 / 월납 / 최초계약기준,어린이태아보험 상품,생명보험,,,,,,7
4,신한라이프생명,신한인터넷어린이보험(무배당),2800,0~15,보장(담보) 총 10종 <br/> 30세만기 <br/> 전기납 <br/> 순수보장형 <br/> 가입금액 500만원,인터넷바로가입 : https://e.shinhanlife.co.kr/source.ids?source=512,남자5세 / 월납 / 최초계약기준,어린이태아보험 상품,생명보험,,,,,,7
5,한화손보,(무) 한화 LIFEPLUS 맘더한어린이보험2101,3500,0~10,보장(담보) 총 5종. 15세만기 전기납. 만기일부환급형.,인터넷바로가입 : https://www.hanwhadirect.com/landing.do?cmpgId=1000000902,남자5세 / 월납 / 최초계약기준,어린이태아보험 상품,손해보험,,,,,,7
6,교보라이프플래닛,(무)라이프플래닛e플러스어린이종합보험(만기환급형),4525,0~15,"보장(담보) 총 23종 <br/> 30세만기 / 전기납 <br/> 만기환급형 <br/> 다자녀 할인(2인 : 보험료의 3%, 3인 이상 : 보험료의 5%)",인터넷바로가입 : https://www.lifeplanet.co.kr/products/pf/HPPF300S1.dev,남자5세 / 월납 / 최초계약기준,어린이태아보험 상품,생명보험,,,,,,7
7,교보라이프플래닛,교보라이프플래닛(무)b어린이보험(순수보장형),4640,0~10,보장(담보) 총 15종 / 20세만기 / 전기납 / 순수보장형,상담전화  1566-6930 ,남자5세 / 월납 / 최초계약기준,어린이태아보험 상품,생명보험,,,,,,7
8,흥국생명,(무)흥국생명 온라인 어린이질병보험,4900,3~14,보장(담보) 총 5종<br/>1년만기<br/>일시납<br/>순수보장형,인터넷바로가입 : https://online.heungkuklife.co.kr/OnlineAdAction.do?utm_source=insmarket&utm_campaign=etc&utm_medium=INS_PC&utm_content=HK11,남자5세 / 월납 / 최초계약기준,어린이태아보험 상품,생명보험,,,,,,7
8,흥국생명,(무)흥국생명 온라인 어린이재해보험,4900,3~14,보장(담보) 총 5종 <br/>1년만기 <br/>일시납 <br/>순수보장형,인터넷바로가입 : https://online.heungkuklife.co.kr/OnlineAdAction.do?utm_source=insmarket&utm_campaign=etc&utm_medium=INS_PC&utm_content=HK10,남자5세 / 월납 / 최초계약기준,어린이태아보험 상품,생명보험,,,,,,7
9,라이나생명,무배당 라이나다이렉트키즈보험(갱신형),6305,0~15,"보장(담보)개수 16개, 10년만기, 10년납, 순수보장성",인터넷바로가입 : http://direct.lina.co.kr/product/dtc003,남자5세 / 월납 / 최초계약기준,어린이태아보험 상품,생명보험,,,,,,7
10,DB손해보험,(무)다이렉트 자녀보험2104(CM),8480,0~15,보장(담보) 총 21종30세만기 25년납,인터넷바로가입 : https://www.directdb.co.kr/product/ltm/custInfoLtm.do?searchPdcCd=30548&searchPdcTrtHistCd=00&pdcDvcd=l_child,남자5세 / 월납 / 최초계약기준,어린이태아보험 상품,손해보험,,,,,,7
11,캐롯손해보험,캐롯 9900 어린이보험,9900,0~15,"보장(담보) 총 14종 / 3년 만기 / 월납 / 순수보장형(3년 총 납입 보험료 356,400원)",인터넷바로가입 : https://carrotins.com/desktop/calculation/general/kids9900/,남자5세 / 월납 / 최초계약기준,어린이태아보험 상품,손해보험,,,,,,7
12,동양생명,(무)수호천사온라인꽉채운어린이보험30,10000,0~15,"보장담보 총 23종, 30세만기, 30세납, 순수보장형, 남자, 5세, 가입금액 5,000만원",인터넷바로가입 : https://online.myangel.co.kr/product/prdt11.e1004,남자5세 / 월납 / 최초계약기준,어린이태아보험 상품,생명보험,,,,,,7
13,MG손보,(무)아이조아 어린이보험(21.04),11287,0~30,"보장내용외 필수담보 포함/80세만기/30년납/암진단시,상해질병80%이상후유장해시,뇌졸중,급성심근경색진단시 납입면제",전화 가입,남자5세 / 월납 / 최초계약기준,어린이태아보험 상품,손해보험,,,,,,7
14,KB손보,무배당 KB 다이렉트자녀보험(21.04),15000,0~15,보장(담보) 총 30종<br/>30세만기/10년납<br/>만기일부환급형,인터넷바로가입 : http://direct.kbinsure.co.kr/websquare/promotion.jsp?pid=2090051&code=1006&page=babychild_step1,남자5세 / 월납 / 최초계약기준,어린이태아보험 상품,손해보험,,,,,,7
15,삼성화재,무배당 삼성화재 다이렉트 어린이보험(2107.9) 1종(자동갱신형),15196,0~30,"보장(담보) 총 97종 / 보험기간 20년, 30년 / 자동갱신형(최대 100세)",인터넷바로가입 : http://direct.samsungfire.com/CR_MyAnycarWeb/overture_index.jsp?OTK=I1510OB0001,남자5세 / 월납 / 최초계약기준,어린이태아보험 상품,손해보험,,,,,,7
16,캐롯손해보험,캐롯 스쿨가드보험,18410,6~17,"보장(담보) 총 3종, 보험기간 1년, 남자 6세, 일시납, 순수보장형",인터넷바로가입 : https://www.carrotins.com/desktop/calculation/general/schoolguard/,남자5세 / 월납 / 최초계약기준,어린이태아보험 상품,손해보험,,,,,,7
17,현대해상,(무)현대해상다이렉트굿앤굿어린이보험(Hi2110)_스탠다드플랜,20000,0~30,"보장(담보) 총45종20년만기, 20년납",인터넷바로가입 : https://direct.hi.co.kr/service.do?m=d407c86a7d&inpath=e_sure_market,남자5세 / 월납 / 최초계약기준,어린이태아보험 상품,손해보험,,,,,,7
18,KB손보,무배당 희망플러스자녀보험Ⅱ(21.07),28253,0~10,보장(담보) 총 30종<br/>30세만기/20년납<br/>순수보장형,설계사 상담,남자5세 / 월납 / 최초계약기준,어린이태아보험 상품,손해보험,,,,,,7
19,교보라이프플래닛,교보라이프플래닛(무)b어린이보험(만기환급형),29210,0~15,보장(담보) 총 16종 / 30세만기 / 15년납 / 만기환급형,상담전화  1566-6930 ,남자5세 / 월납 / 최초계약기준,어린이태아보험 상품,생명보험,,,,,,7
20,삼성생명,삼성 인터넷 어린이보험(무배당),31600,0~15,"보장(담보) 총 23종, 30세만기 전기납, 남5세, 만기환급형, 주보험 가입금액 2,000만원(고급형)",인터넷바로가입 : https://direct.samsunglife.com/child.eds?cid=di:insmarket:child:damoa,남자5세 / 월납 / 최초계약기준,어린이태아보험 상품,생명보험,,,,,,7
21,DB손해보험,(무)아이(I)러브(LOVE)플러스건강보험2108(2종),38406,0~30,보장(담보) 총21종 100세만기/30년납,전화 가입,남자5세 / 월납 / 최초계약기준,어린이태아보험 상품,손해보험,,,,,,7
22,동양생명,(무)수호천사온라인꽉채운어린이보험80,52500,0~25,"보장담보 총 33종, 80세만기, 30년납, 순수보장형, 남자, 5세, 가입금액 5,000만원",인터넷바로가입 : https://online.myangel.co.kr/product/prdt11.e1004,남자5세 / 월납 / 최초계약기준,어린이태아보험 상품,생명보험,,,,,,7
1,라이나생명,무배당암걱정없는표적치료암보험(갱신형),0,30~60,"보장(담보)개수 14개, 10년/20년만기, 전기납, 순수보장형, 가입나이 및 성별에 따라 보험종목, 보험가입금액 및 보장금액이 상이",상세내용확인 : https://smartmarket.nonghyup.com/servlet/SFSB0531R.view,상해1급(사무직 종사자 등) / 월납 / 최초계약기준,암보험 상품,생명보험,,,,,95.2,5
2,메트라이프생명,(무)메트라이프 간암및췌장암진단보험,600,20~50,1년만기/일시납,인터넷바로가입 : https://online.metlife.co.kr,상해1급(사무직 종사자 등) / 월납 / 최초계약기준,암보험 상품,생명보험,,,,,21.0,5
3,메트라이프생명,(무)메트라이프 폐암및후두암진단보험,600,20~50,1년만기/일시납,인터넷바로가입 : https://online.metlife.co.kr,상해1급(사무직 종사자 등) / 월납 / 최초계약기준,암보험 상품,생명보험,,,,,7.2,5
4,메트라이프생명,(무)메트라이프 대장암및소장암진단보험,850,20~50,1년만기/일시납,인터넷바로가입 : https://online.metlife.co.kr,상해1급(사무직 종사자 등) / 월납 / 최초계약기준,암보험 상품,생명보험,,,,,15.3,5
5,메트라이프생명,(무)메트라이프 위암및식도암진단보험,1150,20~50,1년만기/일시납,인터넷바로가입 : https://online.metlife.co.kr,상해1급(사무직 종사자 등) / 월납 / 최초계약기준,암보험 상품,생명보험,,,,,23.7,5
6,ABL생명,무배당 ABL인터넷암보험Ⅱ(갱신형),1205,19~50,보장(담보) 총8종3년만기/전기납/순수보장형,인터넷바로가입 : https://online.abllife.co.kr/insurance-product/health-coverage/cancer.abl?utm_campaign=cancer3&utm_source=insmarket-p&utm_medium=referral&utm_content=ebiz&utm_term=main_cancer3&_OC_=cancer3_ins-p_referral_ebiz,상해1급(사무직 종사자 등) / 월납 / 최초계약기준,암보험 상품,생명보험,,,,,89.3,5
7,교보라이프플래닛,"(무)라이프플래닛e암보험Ⅲ(순수보장형, 표준체)(비갱신형)",1750,31~60,비흡연체(표준체 대비 보험료 할인) 가입 가능<br/>보장(담보) 총 4종<br/>10년만기/10년납,인터넷바로가입 : https://www.lifeplanet.co.kr/products/pd/HPPD800S1.dev?src=image&kw=04A75C&inflow=XX,상해1급(사무직 종사자 등) / 월납 / 최초계약기준,암보험 상품,생명보험,,,,,97.5,5
8,교보라이프플래닛,"교보라이프플래닛(무)b암보험(순수보장형, 표준체)(비갱신형)",1750,31~60,비흡연체(표준체 대비 보험료 할인) 가입 가능 <br/> 보장(담보) 총 4종 <br/> 10년만기 / 10년납 / 순수보장형,상담전화 1566-6930,상해1급(사무직 종사자 등) / 월납 / 최초계약기준,암보험 상품,생명보험,,,,,97.5,5
9,농협생명,"NH쏙쏙골라암보험(Self가입형,갱신형,무배당)",1800,20~60,"보장담보 2종, 20년만기, 20년납, 갱신형",인터넷바로가입 : https://www.nhelife.co.kr/ni/ig/NIIG0002M00.nhl ,상해1급(사무직 종사자 등) / 월납 / 최초계약기준,암보험 상품,생명보험,,,,,93.3,5
10,신한라이프생명,"신한인터넷암보험(무배당, 해지환급금 미지급형)(비갱신형)",2100,19~60,보장(담보) 총4종/30년만기/전기납/순수보장형,인터넷바로가입 : https://e.shinhanlife.co.kr/source.ids?source=1285,상해1급(사무직 종사자 등) / 월납 / 최초계약기준,암보험 상품,생명보험,,,,,88.2,5
11,농협손해보험,(무)헤아림다이렉트암보험2101(비갱신형),2242,19~50,암진단비 10년만기/10년납,인터넷바로가입 : https://www.nhfire.co.kr/product/retrieveProduct.nhfire?pdtCd=D410417,상해1급(사무직 종사자 등) / 월납 / 최초계약기준,암보험 상품,손해보험,,,,,97.2,5
12,삼성생명,삼성생명 미니 암보험2.0(무배당) 1종(암보장형),2280,20~55,보장(담보) 총1종/3년만기/3년납<BR/>1종(암보장형)/순수보장형,인터넷바로가입 : https://direct.samsunglife.com/minicancer.eds?cid=di:insmarket:minicaner:damoa:2101,상해1급(사무직 종사자 등) / 월납 / 최초계약기준,암보험 상품,생명보험,,,,,136.4,5
13,신한라이프생명,신한인터넷암보험(무배당)(비갱신형),2400,19~60,보장(담보) 총4종/30년만기/전기납/순수보장형,인터넷바로가입 : https://e.shinhanlife.co.kr/source.ids?source=1286,상해1급(사무직 종사자 등) / 월납 / 최초계약기준,암보험 상품,생명보험,,,,,94.4,5
14,KB생명,무배당toss착한암보험(with KB생명)(2종 해지환급금 미지급형),2460,19~60,"보장(담보) 총9종/80세(보험료예시기준),100세만기/전기납",인터넷바로가입 : https://m.kbli.co.kr/insutok/tossLink.do?utm_source=einsmarket&utm_medium=affiliates&utm_campaign=toss_cancer,상해1급(사무직 종사자 등) / 월납 / 최초계약기준,암보험 상품,생명보험,,,,,99.3,5
15,삼성생명,삼성생명 미니 암보험2.0(무배당) 2종(3대암보장형),2740,20~55,"보장(담보) 총1종/3년만기/3년납,연납<BR/>2종(3대암보장형) / 순수보장형",인터넷바로가입 : https://direct.samsunglife.com/minicancer.eds?cid=di:insmarket:minicaner:damoa:2101,상해1급(사무직 종사자 등) / 월납 / 최초계약기준,암보험 상품,생명보험,,,,,48.3,5
16,KB생명,무배당KB계획이다있는여성암보험(2형 해지환급금 미지급형),3030,19~60,"여성전용, 보장(담보) 총9종, 보험료예시기준 : 80세만기/전기납/여성기준, 탈모 유전자 검사서비스/ 맘시터 돌보미 서비스 제공(택1, 월 납입보험료 25,000원 이상 시)",인터넷바로가입 : https://www.kblife.co.kr/insurance-product/productDetails.do?linkCd=ON_PD_WC_01&utm_source=damoa_pc&utm_medium=womancancer,상해1급(사무직 종사자 등) / 월납 / 최초계약기준,암보험 상품,생명보험,,,,,61.1,5
17,KB생명,무배당toss착한암보험(with KB생명)(1종 기본형),3200,19~60,"보장(담보) 총9종/80세(보험료예시기준),100세만기/전기납",인터넷바로가입 : https://m.kbli.co.kr/insutok/tossLink.do?utm_source=einsmarket&utm_medium=affiliates&utm_campaign=toss_cancer,상해1급(사무직 종사자 등) / 월납 / 최초계약기준,암보험 상품,생명보험,,,,,100.3,5
18,삼성생명,"삼성 인터넷암보험8.0(갱신형,무배당)",3570,20~60,보장(담보) 총8종<BR/>10년만기/10년납<BR/>최대 100세까지 갱신 / 순수보장형,인터넷바로가입 : https://direct.samsunglife.com/cancer.eds?cid=di:insmarket:cancer:damoa:2101,상해1급(사무직 종사자 등) / 월납 / 최초계약기준,암보험 상품,생명보험,,,,,160.0,5
19,DB손해보험,(무)다이렉트 참좋은암보험2101(CM),4071,19~70,"보장담보 총 9종(10년만기자동갱신)/</br>66세이상 보험료는</br>암진단비, 유사암진단비,</br>상해사망 3개 담보 보험료",인터넷바로가입 : https://www.directdb.co.kr/product/ltm/custInfoLtm.do?searchPdcCd=30604&searchPdcTrtHistCd=00&pdcDvcd=l_cancer,상해1급(사무직 종사자 등) / 월납 / 최초계약기준,암보험 상품,손해보험,,,,,108.8,5
20,농협생명,"NH모두의암보험(Self가입형,갱신형,비갱신형,무배당)_2104(1종(갱신형))",4200,20~60,"보장담보 4종, 20년만기, 20년납, 1종(갱신형), 2형(일반가입형)",인터넷바로가입 :  https://www.nhelife.co.kr/ni/ig/NIIG0002M00.nhl ,상해1급(사무직 종사자 등) / 월납 / 최초계약기준,암보험 상품,생명보험,,,,,127.8,5
21,동양생명,(무)수호천사온라인꽉채운암보험,4900,20~60,보장(담보) 총7종<br/>20년만기/전기납(월납)<br/>해지환급금미지급형,인터넷바로가입 : https://online.myangel.co.kr/product/prdt08.e1004,상해1급(사무직 종사자 등) / 월납 / 최초계약기준,암보험 상품,생명보험,,,,,125.0,5
22,흥국화재,무배당 흥국화재 실속플러스 암보험(21.08)(2종_20년갱신형),5146,15~75,보장담보 총4종 100세 갱신종료 20년 갱신형,상담전화 080-874-0000,상해1급(사무직 종사자 등) / 월납 / 최초계약기준,암보험 상품,손해보험,,,,,99.7,5
23,롯데손보,(무) let:click 암보험(2101),7158,19~65,"20년납 100세만기, 플랜에 따라 담보 추가 가능",인터넷바로가입 : www.letclick.co.kr,상해1급(사무직 종사자 등) / 월납 / 최초계약기준,암보험 상품,손해보험,,,,,,5
24,하나손보,무배당 하나 가득담은 암보험(다이렉트)(해지환급금미지급형),8560,19~60,100세만기/20년납,인터넷바로가입 : www.educar.co.kr/cal/longtermCancer,상해1급(사무직 종사자 등) / 월납 / 최초계약기준,암보험 상품,손해보험,,,,,99.8,5
25,신한라이프생명,"신한인터넷암이면다암보험(무배당, 갱신형)_기본형",9400,19~65,보장(담보) 총4종/30년만기/전기납/기본형/순수보장형,인터넷바로가입 : https://e.shinhanlife.co.kr/source.ids?source=1245,상해1급(사무직 종사자 등) / 월납 / 최초계약기준,암보험 상품,생명보험,,,,,161.4,5
26,하나생명,(무)내가 만드는 DIY암보험(갱신형),14700,30~45,보장(담보) 총8종 30년만기/전기납/순수보장형/전체보장 선택시/보맵을 통해서만 가입가능,,상해1급(사무직 종사자 등) / 월납 / 최초계약기준,암보험 상품,생명보험,,,,,353.4,5
27,삼성화재,무배당 삼성화재 다이렉트 The 힘이 되는 암보험(2107.1)(자동갱신형)(납입면제형),16645,19~70,"보장(담보) 총 35개 / 보험기간 10년, 15년, 20년 / 자동갱신형(최대 100세)",인터넷바로가입 : http://direct.samsungfire.com/CR_MyAnycarWeb/overture_index.jsp?OTK=R1510OB0001,상해1급(사무직 종사자 등) / 월납 / 최초계약기준,암보험 상품,손해보험,,,,,99.4,5
28,농협생명,"NH모두의암보험(Self가입형,갱신형,비갱신형,무배당)_2104(2종(비갱신형))",19800,20~60,"보장담보 4종, 100세만기, 20년납, 2종(비갱신형), 2형(일반가입형)",인터넷바로가입 :  https://www.nhelife.co.kr/ni/ig/NIIG0002M00.nhl ,상해1급(사무직 종사자 등) / 월납 / 최초계약기준,암보험 상품,생명보험,,,,,127.8,5
29,하나생명,(무)내가 만드는 DIY암보험(비갱신형),33700,30~45,"보장(담보) 총8종 100세만기/10,20,30년납/순수보장형/전체보장 선택시/보맵을 통해서만 가입가능",,상해1급(사무직 종사자 등) / 월납 / 최초계약기준,암보험 상품,생명보험,,,,,319.5,5
30,현대해상,(무) 현대해상다이렉트계속받는암보험(Hi2108)  - 스탠다드플랜,36329,19~60,"보장(담보) 총18종 20년만기, 20년납(일부 담보 10년만기 10년납)",인터넷바로가입 : https://direct.hi.co.kr/service.do?m=6bc42f3f12&inpath=e_sure_market,상해1급(사무직 종사자 등) / 월납 / 최초계약기준,암보험 상품,손해보험,,,,,255.3,5
31,하나생명,(무)내가 PICK한 암보험,46000,20~65,"보장(담보) 총9종 10,20년만기/전기납,일시납/순수보장형/전체보장 선택시",인터넷바로가입 : https://m.hanalife.co.kr/pist/scr/prd/pn-prd-171,상해1급(사무직 종사자 등) / 월납 / 최초계약기준,암보험 상품,생명보험,,,,,94.8,5
32,KB생명,무배당KB암을이겨낸사람들의암보험(갱신형),88570,30~75,"보장(담보) 총1종/80세(보험료예시기준),1년만기/전기납",인터넷바로가입 : https://www.kblife.co.kr/insurance-product/productDetails.do?linkCd=ON_PD_DD_01&utm_source=damoa_pc&utm_medium=secondcancer,상해1급(사무직 종사자 등) / 월납 / 최초계약기준,암보험 상품,생명보험,,,,,,5
33,라이나생명,무배당 라이나THE암보험,100000,0~60,"보장(담보)개수 5개, 110세만기, 10년납, 순수보장성, 1종(해지환급금 일부(50%)지급형)",상세내용확인 : https://smartmarket.nonghyup.com/servlet/SFSB0531R.view,상해1급(사무직 종사자 등) / 월납 / 최초계약기준,암보험 상품,생명보험,,,,,104.8,5
1,흥국생명,(무)흥국생명 헬린이보장보험,817,19~50,보장(담보) 총 9종 <br/> 1년만기 <br/> 일시납 <br/>순수보장형,인터넷바로가입 : https://online.heungkuklife.co.kr/OnlineAdAction.do?utm_source=insmarket&utm_campaign=etc&utm_medium=INS_PC&utm_content=HK9,남자 40세 / 상해1급(사무직 종사자 등) / 월납 / 최초계약기준,보장성보험 질병보험 상품,,,,,,,3
2,KDB생명,온택트(무)스마트폰질환보장보험,1800,20~45,"전기납, 연납",인터넷바로가입 : https://direct.kdblife.co.kr/p/p.do?ev=0000858,남자 40세 / 상해1급(사무직 종사자 등) / 월납 / 최초계약기준,보장성보험 질병보험 상품,,,,,,,3
3,교보라이프플래닛,(무)e입원비보험(순수보장형),1930,19~60,보장(담보) 총 2종  20년만기/전기납,인터넷바로가입 : https://www.lifeplanet.co.kr/products/pe/HPPE500S1.dev?inflow=XX&src=image&kw=0574DA,남자 40세 / 상해1급(사무직 종사자 등) / 월납 / 최초계약기준,보장성보험 질병보험 상품,,,,,,,3
4,신한라이프생명,신한인터넷간편가입2대건강보험(무배당)(일반심사형),1980,19~60,"보장(담보) 총 2종, 5년만기, 전기납 / 월납, 각 가입금액 1,000만원",인터넷바로가입 : https://e.shinhanlife.co.kr/source.ids?source=1269,남자 40세 / 상해1급(사무직 종사자 등) / 월납 / 최초계약기준,보장성보험 질병보험 상품,,,,,,,3
5,교보라이프플래닛,(무)e수술비보험(순수보장형),2500,19~60,보장(담보) 총 3종  20년만기/전기납,인터넷바로가입 : https://www.lifeplanet.co.kr/products/pe/HPPE600S1.dev?inflow=XX&src=image&kw=0574DF,남자 40세 / 상해1급(사무직 종사자 등) / 월납 / 최초계약기준,보장성보험 질병보험 상품,,,,,,,3
6,신한라이프생명,신한인터넷간편가입2대건강보험(무배당)(간편심사형),2590,30~70,"보장(담보) 총 2종, 5년만기, 전기납 / 월납, 각 가입금액 1,000만원",인터넷바로가입 : https://e.shinhanlife.co.kr/source.ids?source=1269,남자 40세 / 상해1급(사무직 종사자 등) / 월납 / 최초계약기준,보장성보험 질병보험 상품,,,,,,,3
7,하나생명,(무)폐보장보험,3000,20~50,보장(담보) 총3종/3년만기/일시납/순수보장형/뱅크샐러드를 통해서만 가입가능,인터넷바로가입 : https://m.hanalife.co.kr/pist/scr/prd/pn-prd-220,남자 40세 / 상해1급(사무직 종사자 등) / 월납 / 최초계약기준,보장성보험 질병보험 상품,,,,,,,3
7,BNP파리바카디프생명,무배당 건강e제일 입원보험,3000,19~60,"보장(담보) 총 1종, 5년만기, 전기납, 순수보장형, 19세는 만 연령 기준",상세내용확인 : https://www.cardif.co.kr/web/main/product/medical-protection/e-hospitalization,남자 40세 / 상해1급(사무직 종사자 등) / 월납 / 최초계약기준,보장성보험 질병보험 상품,,,,,,,3
8,MG손보,(무)다이렉트 진단비보험,3095,19~49,"보장(담보) 총 15종, 남자 30세 기준,실속플랜,10년납,전기납, 갱신형",인터넷바로가입 : http://direct.mggeneralins.com/PD090010DM.scp?agCd=A0010001,남자 40세 / 상해1급(사무직 종사자 등) / 월납 / 최초계약기준,보장성보험 질병보험 상품,,,,,,,3
9,BNP파리바카디프생명,무배당 건강e제일 수술보험,3200,19~60,"보장(담보) 총 1종, 5년만기, 전기납, 순수보장형, 19세는 만 연령 기준",상세내용확인 : https://www.cardif.co.kr/web/main/product/medical-protection/e-surgery,남자 40세 / 상해1급(사무직 종사자 등) / 월납 / 최초계약기준,보장성보험 질병보험 상품,,,,,,,3
10,교보라이프플래닛,"(무)라이프플래닛e5대성인병보험(순수보장형, 표준체)",4200,19~60,비흡연체(표준체 대비 보험료 할인) 가입 가능 <br/> 보장(담보) 총 5종 <br/> 20년만기/전기납/순수보장형,인터넷바로가입 : https://www.lifeplanet.co.kr/products/pd/HPPD900S1.dev?src=image&kw=04A76B&inflow=XX,남자 40세 / 상해1급(사무직 종사자 등) / 월납 / 최초계약기준,보장성보험 질병보험 상품,,,,,,,3
11,한화생명,한화생명 입원해도 안심보험 무배당,4300,19~49,,인터넷바로가입 : https://www.onsure.co.kr/p/HOME/osc_quick_adgate.jsp?adcode=p_insmkt011&utm_source=einsmarket_pc&utm_medium=association&utm_campaign=hospital,남자 40세 / 상해1급(사무직 종사자 등) / 월납 / 최초계약기준,보장성보험 질병보험 상품,,,,,,,3
12,삼성화재,무배당 삼성화재 다이렉트 건강보험 1종(자동갱신형)(미니플랜),4563,19~64,"보장(담보) 총 18종 / 15년, 20년 자동갱신형(최대 100세)",인터넷바로가입 : http://direct.samsungfire.com/CR_MyAnycarWeb/overture_index.jsp?OTK=H2110OB0009,남자 40세 / 상해1급(사무직 종사자 등) / 월납 / 최초계약기준,보장성보험 질병보험 상품,,,,,,,3
13,신한라이프생명,신한라이프놀라운3대폴립수술보험(무배당),4610,20~60,"5년만기, 일시납, 가입금액 1000만원",인터넷바로가입 : https://e.shinhanlife.co.kr/source.ids?source=1331,남자 40세 / 상해1급(사무직 종사자 등) / 월납 / 최초계약기준,보장성보험 질병보험 상품,,,,,,,3
14,교보라이프플래닛,(무)e미세먼지질병보험,5110,19~60,보장(담보) 총 4종  20년만기/전기납,인터넷바로가입 : https://www.lifeplanet.co.kr/products/pe/HPPE900S1.dev,남자 40세 / 상해1급(사무직 종사자 등) / 월납 / 최초계약기준,보장성보험 질병보험 상품,,,,,,,3
15,한화생명,한화생명 여성건강보험 무배당,7000,20~49,,인터넷바로가입 : https://www.onsure.co.kr/p/HOME/osc_quick_adgate.jsp?adcode=p_insmkt010&utm_source=einsmarket_pc&utm_medium=association&utm_campaign=woman,남자 40세 / 상해1급(사무직 종사자 등) / 월납 / 최초계약기준,보장성보험 질병보험 상품,,,,,,,3
16,농협생명,"NH뇌심장튼튼건강보험(Self가입형,무배당)_2104",8400,20~60,"보장(담보)총2종, 80세만기, 20년납, 월납, 가입금액 1,000만원, 남자 40세, 월납",인터넷바로가입 : https://www.nhelife.co.kr/ni/ig/NIIG0006M00.nhl,남자 40세 / 상해1급(사무직 종사자 등) / 월납 / 최초계약기준,보장성보험 질병보험 상품,,,,,,,3
17,동양생명,(무)수호천사알찬치료비보장보험,9300,15~70,"보장담보 총 2종,80세만기,20년납,순수보장형, 남자, 40세",가입상담 신청 : http://www.myangel.co.kr/process/WE_PD_IN_WEPDIN020101?prodcd=E2,남자 40세 / 상해1급(사무직 종사자 등) / 월납 / 최초계약기준,보장성보험 질병보험 상품,,,,,,,3
18,AIG손보,(무)AIG다이렉트 New큰병이기는보험,10490,15~65,보장(담보) 총5종/10년 만기 전기납,인터넷바로가입 : https://www.aig.co.kr/wp/dpwpt075.html?menuId=MS1058&prodCd=L0224,남자 40세 / 상해1급(사무직 종사자 등) / 월납 / 최초계약기준,보장성보험 질병보험 상품,,,,,,,3
19,교보라이프플래닛,(무)e입원비보험(만기환급형),11080,19~58,보장(담보) 총 3종  80세만기/전기납,인터넷바로가입 : https://www.lifeplanet.co.kr/products/pe/HPPE500S1.dev?inflow=XX&src=image&kw=0574DA,남자 40세 / 상해1급(사무직 종사자 등) / 월납 / 최초계약기준,보장성보험 질병보험 상품,,,,,,,3
20,교보라이프플래닛,(무)e암·뇌·심장건강보험(해지환급금 미지급형),11300,22~60,보장(담보) 총 7종  20년만기/20년납,인터넷바로가입 : https://www.lifeplanet.co.kr/products/pf/HPPF200S1.dev,남자 40세 / 상해1급(사무직 종사자 등) / 월납 / 최초계약기준,보장성보험 질병보험 상품,,,,,,,3
21,미래에셋생명,온라인 뇌경색증.뇌출혈.급성심근경색증 보장보험 무배당2101[해지환급금이적은유형(보험기간30%)],11500,19~50,"보장(담보)총3종, 80세만기, 20년납, 순수보장형, 해지환급금이적은유형(기본형의30%)",인터넷바로가입 : https://life.miraeasset.com/online/index.do?_OC_=3652#MO-DR-020300-000000,남자 40세 / 상해1급(사무직 종사자 등) / 월납 / 최초계약기준,보장성보험 질병보험 상품,,,,,,,3
22,교보라이프플래닛,(무)e수술비보험(만기환급형),12070,19~60,보장(담보) 총 4종  80세만기/전기납,인터넷바로가입 : https://www.lifeplanet.co.kr/products/pe/HPPE600S1.dev?inflow=XX&src=image&kw=0574DF,남자 40세 / 상해1급(사무직 종사자 등) / 월납 / 최초계약기준,보장성보험 질병보험 상품,,,,,,,3
23,라이나생명,(무)집중보장메디칼보험(갱신형),12400,15~60,"보장(담보)개수 11개, 10년만기, 10년납, 만기지급형",가입상담 신청 : https://www.lina.co.kr/product/productView/productView_P00103.htm,남자 40세 / 상해1급(사무직 종사자 등) / 월납 / 최초계약기준,보장성보험 질병보험 상품,,,,,,,3
24,삼성생명,"삼성 인터넷 DIY종합보장보험(갱신형,무배당)",13270,20~60,"보장(담보) 총 27종, 주보험 가입금액 3,000만원, 암진단특약ⅢN15(갱신형,무배당) 가입금액 2,000만원, 소액질병보장특약ⅦN15(갱신형,무배당) 가입금액 1,000만원, 뇌출혈진단특약N15(갱신형,무배당) 가입금액 2,000만원, 급성심근경색증진단특약N15(갱신형,무배당) 가입금액 2,000만원, 15년만기 15년납, 최대 100세 갱신",인터넷바로가입 : https://direct.samsunglife.com/diy.eds?cid=di:insmarket:diy:damoa:2101,남자 40세 / 상해1급(사무직 종사자 등) / 월납 / 최초계약기준,보장성보험 질병보험 상품,,,,,,,3
25,미래에셋생명,온라인 뇌경색증.뇌출혈.급성심근경색증 보장보험 무배당2101[기본형],13500,19~50,"보장(담보)총3종, 80세만기, 20년납, 순수보장형, 기본형",인터넷바로가입 : https://life.miraeasset.com/online/index.do?_OC_=3652#MO-DR-020300-000000,남자 40세 / 상해1급(사무직 종사자 등) / 월납 / 최초계약기준,보장성보험 질병보험 상품,,,,,,,3
26,교보라이프플래닛,(무)e여성건강보험(순수보장형),14150,19~60,보장(담보) 총 20종 <br/> 40세 여성/80세만기/20년납 <br/> 여성전용보험(남성 가입 불가),인터넷바로가입 : https://www.lifeplanet.co.kr/products/pf/HPPF100S1.dev,남자 40세 / 상해1급(사무직 종사자 등) / 월납 / 최초계약기준,보장성보험 질병보험 상품,,,,,,,3
27,라이나생명,(무)라이나건강보험(갱신형),17900,30~60,"보장(담보)개수 3개, 10년만기, 10년납, 만기지급형",상담전화 080-410-8181,남자 40세 / 상해1급(사무직 종사자 등) / 월납 / 최초계약기준,보장성보험 질병보험 상품,,,,,,,3
28,AIA생명,무배당 아파도 카드 값 걱정 없는 건강보험,18900,20~60,보장(담보) 총 6종/5년만기 전기월납/순수보장형/의무부가특약 무배당 특정암 및 소액암특약O 부가,인터넷바로가입 : https://insurance.samsungcard.com/,남자 40세 / 상해1급(사무직 종사자 등) / 월납 / 최초계약기준,보장성보험 질병보험 상품,,,,,,,3
29,BNP파리바카디프생명,무배당 건강e제일 플러스보장보험,19700,19~60,"보장(담보) 총 5종, 5년만기, 전기납, 비위험군, 만기지급형, 19세는 만 연령 기준",상세내용확인 : https://www.cardif.co.kr/web/main/product/medical-protection/e-health-plus,남자 40세 / 상해1급(사무직 종사자 등) / 월납 / 최초계약기준,보장성보험 질병보험 상품,,,,,,,3
30,MG손보,(무)스마트 건강종합보험(21.04)_갱신형,20000,15~70,자유형플랜/남자 40세/20년납/100세만기/갱신형/월납,전화 가입,남자 40세 / 상해1급(사무직 종사자 등) / 월납 / 최초계약기준,보장성보험 질병보험 상품,,,,,,,3
31,삼성화재,무배당 삼성화재 다이렉트 유병력자 간편보험(2105.1)(자동갱신형),22906,19~90,보장(담보) 총 49종<br/>10년만기/10년납(100세까지 자동갱신)<br/>순수보장형,인터넷바로가입 : http://direct.samsungfire.com/CR_MyAnycarWeb/overture_index.jsp?OTK=HA2003OB001,남자 40세 / 상해1급(사무직 종사자 등) / 월납 / 최초계약기준,보장성보험 질병보험 상품,,,,,,,3
32,삼성화재,무배당 삼성화재 다이렉트 건강보험(2104.9) 1종(자동갱신형),24799,19~64,"보장(담보) 총72종/15년, 20년 만기/15년, 20년 납/순수보장형",인터넷바로가입 : http://direct.samsungfire.com/CR_MyAnycarWeb/overture_index.jsp?OTK=H1704OB0001,남자 40세 / 상해1급(사무직 종사자 등) / 월납 / 최초계약기준,보장성보험 질병보험 상품,,,,,,,3
33,교보생명,(무)교보다이렉트플러스건강보험(갱신형),27735,10~70,"보장(담보) 총5종, 20년만기(갱신형), 전기월납, 주계약 : 만기지급형(최초계약), 1구좌(1,500만원) 기준",인터넷바로가입 : https://www.kyobo.co.kr/webdocs/view.jsp?screenId=SMMDINLM239&menuId=MN2203862&biztype=dr&menuId=MN0000262&biztype=main,남자 40세 / 상해1급(사무직 종사자 등) / 월납 / 최초계약기준,보장성보험 질병보험 상품,,,,,,,3
34,라이나생명,무배당 라이나 당뇨플러스건강보험,28800,20~70,"보장(담보)개수 10개, 20년만기, 20년납",상세내용확인 : https://spot.wooribank.com/pot/Dream?withyou=ISBAC0075&cc=c026260:c026254;c012263:c012399&PRD_CD=P050000601&pPLM_BIZ_DSCD=05,남자 40세 / 상해1급(사무직 종사자 등) / 월납 / 최초계약기준,보장성보험 질병보험 상품,,,,,,,3
35,교보라이프플래닛,교보라이프플래닛(무)b여성건강보험,29430,19~60,보장(담보) 총 21종 <br/> 40세 여자/80세만기/15년납 <br/> 여성전용보험(남성 가입 불가),상담전화 1566-6930,남자 40세 / 상해1급(사무직 종사자 등) / 월납 / 최초계약기준,보장성보험 질병보험 상품,,,,,,,3
36,농협손해보험,"(무)NH3대진단비보험[해지환급금미지급형(납입중0%,납입후50%)]",34112,19~49,"보장(담보) 총 5종, 100세만기 30년납, 표준형 기준",인터넷바로가입 : https://www.nhfire.co.kr/direct/product/retrieveCmProduct.nhfire?pdtCd=D411011,남자 40세 / 상해1급(사무직 종사자 등) / 월납 / 최초계약기준,보장성보험 질병보험 상품,,,,,,,3
37,교보라이프플래닛,(무)e여성건강보험(100% 만기환급형),34460,19~60,보장(담보) 총 21종 <br/> 40세 여자/80세만기/20년납 <br/> 여성전용보험(남성 가입 불가),인터넷바로가입 : https://www.lifeplanet.co.kr/products/pf/HPPF100S1.dev,남자 40세 / 상해1급(사무직 종사자 등) / 월납 / 최초계약기준,보장성보험 질병보험 상품,,,,,,,3
38,삼성화재,무배당 삼성화재 다이렉트 Smart 맞춤보장보험(2110.9) 자동갱신형,35432,19~64,Smart보장분석 서비스 <br/> 10년만기/10년납(100세까지 자동갱신) <br/> 순수보장형,인터넷바로가입 : http://direct.samsungfire.com/CR_MyAnycarWeb/overture_index.jsp?OTK=S0001OB0001,남자 40세 / 상해1급(사무직 종사자 등) / 월납 / 최초계약기준,보장성보험 질병보험 상품,,,,,,,3
39,교보라이프플래닛,"(무)라이프플래닛e5대성인병보험(만기환급형, 표준체)",35990,19~45,비흡연체(표준체 대비 보험료 할인) 가입 가능 <br/> 보장(담보) 총 6종 <br/> 80세만기/20년납/만기환급형,인터넷바로가입 : https://www.lifeplanet.co.kr/products/pd/HPPD900S1.dev?src=image&kw=04A76B&inflow=XX,남자 40세 / 상해1급(사무직 종사자 등) / 월납 / 최초계약기준,보장성보험 질병보험 상품,,,,,,,3
40,삼성화재,무배당 삼성화재 다이렉트 건강보험(2104.9) 2종(해지환급금 미지급형),39076,19~64,"보장(담보) 총53종/80세, 90세, 100세 만기/10년, 15년, 20년, 25년, 30년 납/순수보장형",인터넷바로가입 : http://direct.samsungfire.com/CR_MyAnycarWeb/overture_index.jsp?OTK=HN2003OB001,남자 40세 / 상해1급(사무직 종사자 등) / 월납 / 최초계약기준,보장성보험 질병보험 상품,,,,,,,3
41,라이나생명,무배당 준비된 건강검진 미니보험,39282,20~60,"보장(담보)개수 4개, 3년만기, 일시납, 순수보장형",인터넷바로가입 : http://direct.lina.co.kr/product/ess/fail/mobileProduct?product_code=P00350,남자 40세 / 상해1급(사무직 종사자 등) / 월납 / 최초계약기준,보장성보험 질병보험 상품,,,,,,,3
42,라이나생명,무배당 건강검진 걱정없는 미니보험,40790,20~60,"보장(담보)개수 8개, 3년만기, 일시납, 순수보장형",온라인 가입,남자 40세 / 상해1급(사무직 종사자 등) / 월납 / 최초계약기준,보장성보험 질병보험 상품,,,,,,,3
43,MG손보,(무)원더풀 종합보험(21.08),55961,15~70,"남자 40세, 20년납 80세만기, 납입면제사유3종",전화 가입,남자 40세 / 상해1급(사무직 종사자 등) / 월납 / 최초계약기준,보장성보험 질병보험 상품,,,,,,,3
44,삼성생명,"삼성 인터넷종합건강보험3.0(무배당,무해지환급급형) 일당백",57830,20~60,"보장(담보) 총13종, 주보험 가입금액 2,000만원, 소액질병보장특약ⅤD(무배당) 가입금액 500만원, 100세만기, 20년납, 월납, 순수보장형",인터넷바로가입 : https://direct.samsunglife.com/health.eds?cid=di:insmarket:health:damoa:2101,남자 40세 / 상해1급(사무직 종사자 등) / 월납 / 최초계약기준,보장성보험 질병보험 상품,,,,,,,3
45,한화생명,LIFEPLUS 우리가 지켜줄게 안심보험 무배당 3종(고급형),95000,19~35,2년만기/일시납/남자/20세,인터넷바로가입 : https://www.onsure.co.kr/m/contract/computeSoldier.do,남자 40세 / 상해1급(사무직 종사자 등) / 월납 / 최초계약기준,보장성보험 질병보험 상품,,,,,,,3
46,푸본현대생명,푸본현대 행복리턴 건강보험 무배당(B2105),145000,15~60,"보장(담보) 총 5종, 100세만기, 15년납, 가입금액 1000만원, 암보장형, 분할지급형 기준",상세내용확인 : http://www.fubonhyundai.com,남자 40세 / 상해1급(사무직 종사자 등) / 월납 / 최초계약기준,보장성보험 질병보험 상품,,,,,,,3
47,푸본현대생명,푸본현대 행복리턴 건강보험 간편가입 무배당(B2105),174000,40~70,"보장(담보) 총 5종, 100세만기, 15년납, 가입금액 1000만원, 암보장형, 분할지급형 기준",상세내용확인 : http://www.fubonhyundai.com/,남자 40세 / 상해1급(사무직 종사자 등) / 월납 / 최초계약기준,보장성보험 질병보험 상품,,,,,,,3
1,하나생명,(무)영 HANA 상해보험 여행레저형,100,20~70,"보장(담보) 총 3종<br/>1년만기, 연납<br/>순수보장형<br/>남자와 여자의 보장금액이 상이하므로 해당 유형의 약관을 확인하시기 바랍니다",인터넷바로가입 : https://m.hanalife.co.kr/pist/scr/prd/pn-prd-081,남자 40세 / 상해1급(사무직 종사자 등) / 자가용운전자 / 월납 / 최초계약기준,보장성보험 상해보험 상품,,,,,,,4
2,하나생명,(무)하나원큐 교통사고재해보험 대중교통이용중 교통재해형,270,15~80,보장(담보) 총 2종 1년만기 연납  순수보장형,인터넷바로가입 : https://m.hanalife.co.kr/pist/scr/prd/pn-prd-071,남자 40세 / 상해1급(사무직 종사자 등) / 자가용운전자 / 월납 / 최초계약기준,보장성보험 상해보험 상품,,,,,,,4
3,신한라이프생명,신한대중교통재해보장보험M(무배당),500,20~60,1년만기/전기납/연납,인터넷바로가입 : ,남자 40세 / 상해1급(사무직 종사자 등) / 자가용운전자 / 월납 / 최초계약기준,보장성보험 상해보험 상품,,,,,,,4
3,교보라이프플래닛,(무)m특정감염병사망보험,500,19~84,보장(담보)총 1종 <br/>1년만기 / 일시납 <br/> 모바일 가입,인터넷바로가입 : https://www.lifeplanet.co.kr/common/ce/HPCE010S1.dev,남자 40세 / 상해1급(사무직 종사자 등) / 자가용운전자 / 월납 / 최초계약기준,보장성보험 상해보험 상품,,,,,,,4
4,흥국화재,(무)흥국화재 다이렉트 실속보험(21.08),640,15~60,"보장(담보) 총 2종/<br/>3년만기 일시납/<br/>남자,40세,1급기준",인터넷바로가입 : ,남자 40세 / 상해1급(사무직 종사자 등) / 자가용운전자 / 월납 / 최초계약기준,보장성보험 상해보험 상품,,,,,,,4
5,하나손보,원데이 귀가안심보험(II),700,19~60,"1일, 순수보장형, 일시납/하나손해보험 원데이앱/하나원큐 앱 통해 가입 가능",인터넷바로가입 : ,남자 40세 / 상해1급(사무직 종사자 등) / 자가용운전자 / 월납 / 최초계약기준,보장성보험 상해보험 상품,,,,,,,4
6,하나손보,원데이 레저보험(II),880,19~60,"1일, 순수보장형, 일시납/하나손해보험 원데이앱/하나원큐 앱 통해 가입 가능",인터넷바로가입 : ,남자 40세 / 상해1급(사무직 종사자 등) / 자가용운전자 / 월납 / 최초계약기준,보장성보험 상해보험 상품,,,,,,,4
6,에이스보험,Chubb One-day레저보험 (1종 A형),880,20~70,"보장(담보)총10종, 1일만기, 일시납, 순수보장형",인터넷바로가입 : https://www.acedirect.co.kr/servlets/contract/contractForward.ace?target=pc/contract/step01Driver&cmd=Step01Command&layout=type2,남자 40세 / 상해1급(사무직 종사자 등) / 자가용운전자 / 월납 / 최초계약기준,보장성보험 상해보험 상품,,,,,,,4
7,에이스보험,Chubb One-day레저보험 (4종),1000,1~70,"보장(담보) 총7종, 1일만기, 일시납, 순수보장형",인터넷바로가입 : https://www.acedirect.co.kr/servlets/contract/contractForward.ace?target=pc/contract/step01One&cmd=Step01Command&layout=type2,남자 40세 / 상해1급(사무직 종사자 등) / 자가용운전자 / 월납 / 최초계약기준,보장성보험 상해보험 상품,,,,,,,4
8,에이스보험,Chubb One-day레저보험 (2종 B형),1090,1~19,"보장(담보) 총10종, 1일만기, 일시납, 순수보장형",인터넷바로가입 : https://www.acedirect.co.kr/servlets/contract/contractForward.ace?target=pc/contract/step01One&cmd=Step01Command&layout=type2,남자 40세 / 상해1급(사무직 종사자 등) / 자가용운전자 / 월납 / 최초계약기준,보장성보험 상해보험 상품,,,,,,,4
9,에이스보험,Chubb One-day레저보험 (2종 A형),1150,20~70,"보장(담보) 총10종, 1일만기, 일시납, 순수보장형",인터넷바로가입 : https://www.acedirect.co.kr/servlets/contract/contractForward.ace?target=pc/contract/step01One&cmd=Step01Command&layout=type2,남자 40세 / 상해1급(사무직 종사자 등) / 자가용운전자 / 월납 / 최초계약기준,보장성보험 상해보험 상품,,,,,,,4
10,에이스보험,Chubb One-day레저보험 (3종 B형),1350,1~19,"보장(담보) 총10종, 1일만기, 일시납, 순수보장형",인터넷바로가입 : https://www.acedirect.co.kr/servlets/contract/contractForward.ace?target=pc/contract/step01One&cmd=Step01Command&layout=type2,남자 40세 / 상해1급(사무직 종사자 등) / 자가용운전자 / 월납 / 최초계약기준,보장성보험 상해보험 상품,,,,,,,4
11,캐롯손해보험,스마트ON 레저상해보험(자가운전-스포츠1형),1379,19~79,"보장(담보) 총 6종, 보험기간 1년, 스마트ON 1회(1일) 보험료, 순수보장형",인터넷바로가입 : https://www.carrotins.com/desktop/calculation/general/leisureSwitch/,남자 40세 / 상해1급(사무직 종사자 등) / 자가용운전자 / 월납 / 최초계약기준,보장성보험 상해보험 상품,,,,,,,4
12,교보라이프플래닛,(무)m아나필락시스쇼크진단보험,1400,19~70,보장(담보)총 1종 <br/>1년만기 / 일시납 <br/> 모바일 가입(qr코드를 통해 가입가능),인터넷바로가입 : https://www.lifeplanet.co.kr/common/ce/HPCE010S1.dev,남자 40세 / 상해1급(사무직 종사자 등) / 자가용운전자 / 월납 / 최초계약기준,보장성보험 상해보험 상품,,,,,,,4
13,에이스보험,Chubb One-day레저보험 (3종 A형),1430,20~70,"보장(담보) 총10종, 1일만기, 일시납, 순수보장형",인터넷바로가입 : https://www.acedirect.co.kr/servlets/contract/contractForward.ace?target=pc/contract/step01One&cmd=Step01Command&layout=type2,남자 40세 / 상해1급(사무직 종사자 등) / 자가용운전자 / 월납 / 최초계약기준,보장성보험 상해보험 상품,,,,,,,4
14,메트라이프생명,(무)메트라이프 교통재해사망보험,1500,20~70,"1년만기/일시납/보험료 기준 : 가입금액 1,000만원, 40세, 남",인터넷바로가입 : https://online.metlife.co.kr,남자 40세 / 상해1급(사무직 종사자 등) / 자가용운전자 / 월납 / 최초계약기준,보장성보험 상해보험 상품,,,,,,,4
15,라이나생명,무배당 안심되는 아나필락시스쇼크진단보험,1560,20~70,"보장(담보)개수 1개, 1년만기, 전기납, 연납, 가입금액 200만원",인터넷바로가입 : http://direct.lina.co.kr,남자 40세 / 상해1급(사무직 종사자 등) / 자가용운전자 / 월납 / 최초계약기준,보장성보험 상해보험 상품,,,,,,,4
16,AIA생명,(무)퍼플 휴일교통재해장해보험,2500,20~50,보장(담보) 총 1종/1년만기 연납/순수보장형,인터넷바로가입 : https://vitalitydirect.aia.co.kr/,남자 40세 / 상해1급(사무직 종사자 등) / 자가용운전자 / 월납 / 최초계약기준,보장성보험 상해보험 상품,,,,,,,4
17,캐롯손해보험,스마트ON 레저상해보험(자가용외기타-골프형),2993,19~79,"보장(담보) 총 4종, 보험기간 1년, 스마트ON 1회(1일) 보험료, 순수보장형",인터넷바로가입 : https://www.carrotins.com/desktop/calculation/general/leisureSwitch/,남자 40세 / 상해1급(사무직 종사자 등) / 자가용운전자 / 월납 / 최초계약기준,보장성보험 상해보험 상품,,,,,,,4
18,DGB생명,올바른#365#생활#교통상해보험 무배당 2104,3000,19~64,"1년만기/전기납/연납/단일보험료 3,000원/남자와 여자의 보장금액이 상이하므로 해당 약관을 확인하시기 바랍니다.",인터넷바로가입 : https://www.dgbfnlife.com/dsmart/p/pdt/pdtTrf.do,남자 40세 / 상해1급(사무직 종사자 등) / 자가용운전자 / 월납 / 최초계약기준,보장성보험 상해보험 상품,,,,,,,4
19,삼성생명,삼성 인터넷상해보험7.0(무배당),3200,20~60,"보장(담보) 총 5종, 20년 만기, 20년 납입, 순수보장형",인터넷바로가입 : https://direct.samsunglife.com/accident.eds?cid=di:insmarket:accident:damoa:2101,남자 40세 / 상해1급(사무직 종사자 등) / 자가용운전자 / 월납 / 최초계약기준,보장성보험 상해보험 상품,,,,,,,4
19,교보라이프플래닛,(무)라이프플래닛e상해보험,3200,19~60,"보장(담보) 총 7종, 20년만기/전기납, 순수보장형",인터넷바로가입 : https://www.lifeplanet.co.kr/products/pe/HPPE300S1.dev?inflow=XX&src=image&kw=04F181,남자 40세 / 상해1급(사무직 종사자 등) / 자가용운전자 / 월납 / 최초계약기준,보장성보험 상해보험 상품,,,,,,,4
20,BNP파리바카디프생명,무배당 건강e제일 상해보험,4800,19~60,"보장(담보) 총 2종, 5년만기, 전기납, 순수보장형, 비위험군, 19세는 만 연령 기준",상세내용확인 : https://www.cardif.co.kr/web/main/product/medical-protection/e-physical-accident,남자 40세 / 상해1급(사무직 종사자 등) / 자가용운전자 / 월납 / 최초계약기준,보장성보험 상해보험 상품,,,,,,,4
21,메트라이프생명,(무)메트라이프 mini 재해보험,4900,20~70,"1년만기/일시납/보험료 기준 : 가입금액 1,000만원, 40세, 남",인터넷바로가입 : https://online.metlife.co.kr,남자 40세 / 상해1급(사무직 종사자 등) / 자가용운전자 / 월납 / 최초계약기준,보장성보험 상해보험 상품,,,,,,,4
22,신한라이프생명,신한뼈펙트상해보험mini(무배당),5000,20~50,1년만기/전기납/연납,인터넷바로가입 : ,남자 40세 / 상해1급(사무직 종사자 등) / 자가용운전자 / 월납 / 최초계약기준,보장성보험 상해보험 상품,,,,,,,4
23,에이스보험,Chubb One-day레저보험 (1종 B형),5680,20~70,"보장(담보) 총11종, 1일만기, 일시납, 순수보장형",인터넷바로가입 : https://www.acedirect.co.kr/servlets/contract/contractForward.ace?target=pc/contract/step01One&cmd=Step01Command&layout=type2,남자 40세 / 상해1급(사무직 종사자 등) / 자가용운전자 / 월납 / 최초계약기준,보장성보험 상해보험 상품,,,,,,,4
24,캐롯손해보험,부모님 안심 Gift보험,10000,19~100,보장(담보) 총 5종 / 1년 만기 / 일시납 / 순수보장형,인터넷바로가입 : https://www.carrotins.com/desktop/calculation/general/parents/,남자 40세 / 상해1급(사무직 종사자 등) / 자가용운전자 / 월납 / 최초계약기준,보장성보험 상해보험 상품,,,,,,,4
25,AIG손보,(무)AIG다이렉트 참쉬운건강보험,11158,30~70,보장(담보) 총6종/ 10년 만기 전기납,인터넷바로가입 : https://www.aig.co.kr/wp/dpwpt075.html?menuId=MS1057&prodCd=L0226,남자 40세 / 상해1급(사무직 종사자 등) / 자가용운전자 / 월납 / 최초계약기준,보장성보험 상해보험 상품,,,,,,,4
26,농협생명,효밍아웃NH부모님안전보험(무배당),11300,19~999,"가입나이 40세, 가입금액 1,000만원, 1년만기, 1년납, 연납",인터넷바로가입 : https://www.nhelife.co.kr/ni/ig/NIIG0010M00.nhl ,남자 40세 / 상해1급(사무직 종사자 등) / 자가용운전자 / 월납 / 최초계약기준,보장성보험 상해보험 상품,,,,,,,4
27,KB손보,무배당 KB 다이렉트 건강맞춤보장보험(21.04),14912,19~65,보장(담보) 총 30종<br/>10년만기/10년납<br/>순수보장형,인터넷바로가입 : -,남자 40세 / 상해1급(사무직 종사자 등) / 자가용운전자 / 월납 / 최초계약기준,보장성보험 상해보험 상품,,,,,,,4
28,현대해상,(무) 현대해상다이렉트H주택화재상해보험(Hi2109)  - 스탠다드플랜,15000,20~80,"보장(담보) 총10종화재손해(주택)(건물) 2억원, 화재손해(주택)(가재) 1억원",인터넷바로가입 : https://direct.hi.co.kr/service.do?m=bdc387986a&inpath=e_sure_market,남자 40세 / 상해1급(사무직 종사자 등) / 자가용운전자 / 월납 / 최초계약기준,보장성보험 상해보험 상품,,,,,,,4
29,신한라이프생명,신한스포츠앤레저보장보험(무배당),15400,19~60,"보장(담보) 총 5종,  1년만기, 전기납 / 연납, 가입금액 1,000만원",인터넷바로가입 : https://e.shinhanlife.co.kr/source.ids?source=842,남자 40세 / 상해1급(사무직 종사자 등) / 자가용운전자 / 월납 / 최초계약기준,보장성보험 상해보험 상품,,,,,,,4
30,농협생명,"NH일년든든생활n레저보험(Self가입형,무배당)_2104",17200,19~60,"보장(담보)총7종, 1년만기연납, 가입금액 1,000만원, 가입가능연령 만 19세부터",인터넷바로가입 : https://www.nhelife.co.kr/ni/ig/NIIG0006M00.nhl ,남자 40세 / 상해1급(사무직 종사자 등) / 자가용운전자 / 월납 / 최초계약기준,보장성보험 상해보험 상품,,,,,,,4
31,KB손보,무배당 KB 다이렉트 간편건강보험(21.04),17390,15~64,보장(담보) 총 9종<br/>10년만기/10년납<br/>순수보장형,인터넷바로가입 : -,남자 40세 / 상해1급(사무직 종사자 등) / 자가용운전자 / 월납 / 최초계약기준,보장성보험 상해보험 상품,,,,,,,4
32,현대해상,(무)현대해상다이렉트H주택화재상해보험(Hi2104)_순수보장형플랜,17950,20~60,"보장(담보) 총19종<br/>화재손해(주택)(건물) 2억원, 화재손해(주택)(가재) 1억원,",인터넷바로가입 : https://direct.hi.co.kr/service.do?m=bdc387986a&inpath=e_sure_market,남자 40세 / 상해1급(사무직 종사자 등) / 자가용운전자 / 월납 / 최초계약기준,보장성보험 상해보험 상품,,,,,,,4
33,동양생명,(무)수호천사플러스상해보험,23400,15~65,"보장담보 총 14종,100세만기,20년납,순수보장, 남자, 40세",가입상담 신청 : https://www.myangel.co.kr/process/WE_LD_WELD000008_E,남자 40세 / 상해1급(사무직 종사자 등) / 자가용운전자 / 월납 / 최초계약기준,보장성보험 상해보험 상품,,,,,,,4
34,DB손해보험,(무) 다이렉트 간편건강보험2110(CM),27400,15~90,"보장(담보) 총 34종, 2종(간편고지형), 10년만기 전기납",인터넷바로가입 : https://www.directdb.co.kr/product/ltm/custInfoLtm.do?searchPdcCd=31026&searchPdcTrtHistCd=00&pdcDvcd=l_health&selfPlanDvcd=1,남자 40세 / 상해1급(사무직 종사자 등) / 자가용운전자 / 월납 / 최초계약기준,보장성보험 상해보험 상품,,,,,,,4
35,KB손보,무배당 KB 해피실속건강보험Ⅱ(21.09),31020,15~70,보장(담보) 총 22종<br/>20년만기/20년납(갱신형)<br/>만기일부환급형,전화 가입,남자 40세 / 상해1급(사무직 종사자 등) / 자가용운전자 / 월납 / 최초계약기준,보장성보험 상해보험 상품,,,,,,,4
36,신한라이프생명,신한365뼈펙트상해보험M(무배당),40000,20~45,1년만기/전기납/연납,인터넷바로가입 : ,남자 40세 / 상해1급(사무직 종사자 등) / 자가용운전자 / 월납 / 최초계약기준,보장성보험 상해보험 상품,,,,,,,4
37,현대해상,(무) 현대해상다이렉트H건강보험(Hi2110)  - 스탠다드플랜,43670,25~60,"보장(담보) 총21종 20년만기, 20년납",인터넷바로가입 : https://direct.hi.co.kr/service.do?m=a3648513d6&inpath=e_sure_market,남자 40세 / 상해1급(사무직 종사자 등) / 자가용운전자 / 월납 / 최초계약기준,보장성보험 상해보험 상품,,,,,,,4
38,DB손해보험,(무)다이렉트참좋은종합보험2101(CM),48400,19~60,보장(담보) 총57종 20년만기/20년납,,남자 40세 / 상해1급(사무직 종사자 등) / 자가용운전자 / 월납 / 최초계약기준,보장성보험 상해보험 상품,,,,,,,4
39,KB손보,무배당 KB건강보험과 건강하게 사는 이야기(21.09),56967,15~70,보장(담보) 총 26종<br/>20년만기/20년납(갱신형)<br/>만기일부환급형,전화 가입,남자 40세 / 상해1급(사무직 종사자 등) / 자가용운전자 / 월납 / 최초계약기준,보장성보험 상해보험 상품,,,,,,,4
40,농협생명,온라인 농(임)업인NH안전보험(무배당) 기본형(일반1형),95000,19~87,"보장(담보)총11종, 1년만기연납, 농(임)업인 한정 가입 가능, 보험료:5%할인적용금액(정부보조적용 전 금액)",인터넷바로가입 : https://www.nhelife.co.kr/ni/ig/NIIG0005M00.nhl,남자 40세 / 상해1급(사무직 종사자 등) / 자가용운전자 / 월납 / 최초계약기준,보장성보험 상해보험 상품,,,,,,,4
41,흥국화재,(무)흥국화재 다이렉트 건강보험(21.03),122321,15~70,보장(담보) 총 18종/<br/>100세만기 20년납/<br/>1종 고급형 순수보장형,인터넷바로가입 : ,남자 40세 / 상해1급(사무직 종사자 등) / 자가용운전자 / 월납 / 최초계약기준,보장성보험 상해보험 상품,,,,,,,4
1,KB손보,무배당 KB 다이렉트치아보험(21.01),12234,6~60,보장(담보) 총 8종<br/>10년만기/10년납(갱신형)<br/>순수보장형,인터넷바로가입 : http://direct.kbinsure.co.kr/home/#/WSGL/DT/LNGTRM_DT0101M ,남자 40세 / 상해1급(사무직 종사자 등) / 자가용운전자 / 월납 / 최초계약기준,보장성보험 치아보험 상품,,,,,,,8
2,미래에셋생명,온라인 비흡연 딱딱 치아보험(갱신형) (무)2105 보존치료형,14000,3~55,"보장(담보)총5종, 10년만기10년납(갱신형)",인터넷바로가입 : https://life.miraeasset.com/online/index.do?_OC_=5008#MO-DR-021200-000000,남자 40세 / 상해1급(사무직 종사자 등) / 자가용운전자 / 월납 / 최초계약기준,보장성보험 치아보험 상품,,,,,,,8
3,삼성생명,"삼성 인터넷치아보험(갱신형,무배당)",14250,20~65,"보장(담보) 총15종, 10년만기, 전기납",인터넷바로가입 : https://direct.samsunglife.com/dental.eds?cid=di:insmarket:dental:damoa:2101,남자 40세 / 상해1급(사무직 종사자 등) / 자가용운전자 / 월납 / 최초계약기준,보장성보험 치아보험 상품,,,,,,,8
4,교보라이프플래닛,(무)e건강치아보험,14880,19~50,"보장(담보) 총 7종, 10년만기/전기납",인터넷바로가입 : https://www.lifeplanet.co.kr/products/pe/HPPE800S1.dev,남자 40세 / 상해1급(사무직 종사자 등) / 자가용운전자 / 월납 / 최초계약기준,보장성보험 치아보험 상품,,,,,,,8
5,DB손해보험,(무)다이렉트 참좋은치아사랑보험2101(CM),16550,2~70,보장(담보) 총5종 7년만기 자동갱신 전기납,인터넷바로가입 : www.directdb.co.kr/contents/contents.do?rtnUrl=cms/product/ltmgnrl/tetharc.cms.product,남자 40세 / 상해1급(사무직 종사자 등) / 자가용운전자 / 월납 / 최초계약기준,보장성보험 치아보험 상품,,,,,,,8
6,라이나생명,무배당 라이나다이렉트치아보험II(갱신형),16684,20~50,"보장(담보)개수 9개, 10년만기, 10년납, 만기지급형",인터넷바로가입 : http://direct.lina.co.kr/product/dtc001,남자 40세 / 상해1급(사무직 종사자 등) / 자가용운전자 / 월납 / 최초계약기준,보장성보험 치아보험 상품,,,,,,,8
7,에이스보험,(무)Chubb 다이렉트 치아안심보험1904(1종 순수보장형),16690,1~60,"보장(담보) 총 17종, 10년만기, 전기납, 순수보장형",인터넷바로가입 : https://www.acedirect.co.kr/servlets/contract/contractForward.ace?target=pc/contract/step01Dental&cmd=Step01Command&layout=type2,남자 40세 / 상해1급(사무직 종사자 등) / 자가용운전자 / 월납 / 최초계약기준,보장성보험 치아보험 상품,,,,,,,8
8,에이스보험,(무)Chubb 다이렉트 치아안심보험1904(2종 만기환급형),21150,1~60,"보장(담보) 총 17종, 10년만기, 전기납, 만기환급형",인터넷바로가입 : https://www.acedirect.co.kr/servlets/contract/contractForward.ace?target=pc/contract/step01Dental&cmd=Step01Command&layout=type2,남자 40세 / 상해1급(사무직 종사자 등) / 자가용운전자 / 월납 / 최초계약기준,보장성보험 치아보험 상품,,,,,,,8
9,ABL생명,무배당 ABL인터넷치아보험Ⅱ(갱신형),22800,19~70,"보장(담보) 총 8종, 10년만기 전기납",인터넷바로가입 : https://online.abllife.co.kr/insurance-product/health-coverage/dental.abl?utm_campaign=dental&utm_source=insmarket-p&utm_medium=referral&utm_content=ebiz&utm_term=main_dental,남자 40세 / 상해1급(사무직 종사자 등) / 자가용운전자 / 월납 / 최초계약기준,보장성보험 치아보험 상품,,,,,,,8
10,삼성화재,무배당 삼성화재 다이렉트 치아보험(2101.6)(자동갱신형),22830,2~64,보장(담보) 총16종<br/>10년만기/10년납<br/>순수보장형,인터넷바로가입 : http://direct.samsungfire.com/CR_MyAnycarWeb/overture_index.jsp?OTK=D1801IB0023,남자 40세 / 상해1급(사무직 종사자 등) / 자가용운전자 / 월납 / 최초계약기준,보장성보험 치아보험 상품,,,,,,,8
11,미래에셋생명,온라인 비흡연 딱딱 치아보험(갱신형) (무)2105 보철치료형,27000,3~55,"보장(담보)총4종, 10년만기10년납(갱신형)",인터넷바로가입 : https://life.miraeasset.com/online/index.do?_OC_=5008#MO-DR-021200-000000,남자 40세 / 상해1급(사무직 종사자 등) / 자가용운전자 / 월납 / 최초계약기준,보장성보험 치아보험 상품,,,,,,,8
12,미래에셋생명,온라인 비흡연 딱딱 치아보험(갱신형) (무)2105 종합치료형,27100,3~55,"보장(담보)총9종, 10년만기10년납(갱신형)",인터넷바로가입 : https://life.miraeasset.com/online/index.do?_OC_=5008#MO-DR-021200-000000,남자 40세 / 상해1급(사무직 종사자 등) / 자가용운전자 / 월납 / 최초계약기준,보장성보험 치아보험 상품,,,,,,,8
13,교보생명,(무)교보치아보장보험(갱신형) 1형,40600,15~65,"보장(담보) 총7종, 15년만기(갱신형), 전기월납, 주계약:만기지급형(최초계약),가입금액 1,000만원 기준",,남자 40세 / 상해1급(사무직 종사자 등) / 자가용운전자 / 월납 / 최초계약기준,보장성보험 치아보험 상품,,,,,,,8
14,KB손보,무배당 KB The건강한치아보험(21.01),44261,2~60,보장(담보) 총 6종<br/>20년만기/20년납(갱신형)<br/>만기일부환급형,설계사 상담,남자 40세 / 상해1급(사무직 종사자 등) / 자가용운전자 / 월납 / 최초계약기준,보장성보험 치아보험 상품,,,,,,,8
15,라이나생명,무배당 라이나THE치아보험,46800,18~60,"보장(담보)개수 14개, 20년만기, 20년납, 순수보장형, 보존강화형, 가입금액 2,000만원",은행등 가입,남자 40세 / 상해1급(사무직 종사자 등) / 자가용운전자 / 월납 / 최초계약기준,보장성보험 치아보험 상품,,,,,,,8
