상품명,가입대상,상품정보,은행,직업,학습,건강,관계,주거,사회참여,여가,재무,가입금액,기준금액,기본금리,우대조건,우대금리,나이,나이2,age1,age2,10대,20대,30대,40대,50대,60대,70대,성별,job
one kb 사업자통장,"개인사업자, 법인 및 납세번호(또는 고유번호) 부여자",,kb국민은행,0.0,0.0,0.0,0.0,0.0,0.0,0.0,100.0,,,,,,,,0,0,0,0,0,0,0,0,0,,
kb e commerce 채권양도 전용계좌(통장),개인사업자 및 법인,,kb국민은행,0.0,0.0,0.0,0.0,0.0,0.0,0.0,100.0,,,,,,,,0,0,0,0,0,0,0,0,0,,
kb마이핏통장,만 18세 이상 만 38세 이하 실명의 개인 (1인 1계좌) ※ 가입 후에는 연령과 관계 없이 kb마이핏통장 계속 이용 가능,,kb국민은행,0.0,0.0,0.0,0.0,0.0,0.0,0.0,100.0,,,,,,만 18세 이상 만 38세 이하,"['18', '38']",18,38,0,1,1,0,0,0,0,,
kb young youth 어린이통장,"만 14세 미만 실명의 개인 ※ 개인사업자 및 서류미제출 임의단체, 공동명의 가입 불가 ※「kb young youth 청소년통장」을 포함하여 1인 1계좌",,kb국민은행,0.0,0.0,0.0,0.0,0.0,0.0,0.0,100.0,,,,,,만 14세 미만,['14'],14,0,1,0,0,0,0,0,0,,
kb young youth 청소년통장,"만 14세 이상 만 19세 미만 실명의 개인※ 개인사업자 및 서류미제출 임의단체, 공동명의 가입 불가 ※「kb young youth 어린이통장」을 포함하여 1인 1계좌",,kb국민은행,0.0,0.0,0.0,0.0,0.0,0.0,0.0,100.0,,,,,,만 14세 이상 만 19세 미만,"['14', '19']",14,19,1,0,0,0,0,0,0,,
kb able plus통장,거주자로서 국민인 실명의 개인※ ‘개인사업자’ 및 ‘관련서류 미제출 임의단체’ 가입불가,,kb국민은행,0.0,0.0,0.0,0.0,0.0,0.0,0.0,100.0,,,,,,,,0,0,0,0,0,0,0,0,0,,
kb보육&복지시설우대통장,,,kb국민은행,0.0,0.0,0.0,0.0,0.0,0.0,0.0,100.0,,,,,,,,0,0,0,0,0,0,0,0,0,,
kb내맘대로프리랜서통장,실명의 개인(1인 1계좌)※ 개인사업자 및 관련서류 미제출 임의단체 포함,,kb국민은행,0.0,0.0,0.0,0.0,0.0,0.0,0.0,100.0,,,,,,,,0,0,0,0,0,0,0,0,0,,
kb부가세납부전용통장,법인 및 개인사업자 (조세특례제한법 시행령에서 정한 부가세 납부특례 대상 물품을 거래하는 고객),,kb국민은행,0.0,0.0,0.0,0.0,0.0,0.0,0.0,100.0,,,,,,,,0,0,0,0,0,0,0,0,0,,
kb짝꿍통장,실명의 개인 (1인 1계좌)※ 순수 개인 및 관련서류 미제출 임의단체만 가입 가능,,kb국민은행,0.0,0.0,0.0,0.0,0.0,0.0,0.0,100.0,,,,,,,,0,0,0,0,0,0,0,0,0,,
kb호국보훈지킴이통장,실명의 개인으로서 보훈급여금을 수령하는 고객(1인 1계좌)※ '개인사업자' 및 '관련서류 미제출 임의단체' 가입 불가,,kb국민은행,0.0,0.0,0.0,0.0,0.0,0.0,0.0,100.0,,,,,,,,0,0,0,0,0,0,0,0,0,,
kb국민one통장,"실명의 개인(1인 1계좌)※ 보통예금 : 개인, 개인사업자, 관련서류 미제출 임의단체※ 저축예금 : 개인, 관련서류 미제출 임의단체",,kb국민은행,0.0,0.0,0.0,0.0,0.0,0.0,0.0,100.0,,,,,,,,0,0,0,0,0,0,0,0,0,,
kb하도급지킴이통장,법인 및 개인사업자,,kb국민은행,0.0,0.0,0.0,0.0,0.0,0.0,0.0,100.0,,,,,,,,0,0,0,0,0,0,0,0,0,,
kb주거행복 월세통장,실명의 개인(1인 1계좌),,kb국민은행,0.0,0.0,0.0,0.0,0.0,0.0,0.0,100.0,,,,,,,,0,0,0,0,0,0,0,0,0,,
kb welcome통장,외국인,,kb국민은행,0.0,0.0,0.0,0.0,0.0,0.0,0.0,100.0,,,,,,,,0,0,0,0,0,0,0,0,0,,
kb나라사랑우대통장,"실명의 개인인 국군장병(1인 1계좌)※ 대상 : 장교, 준사관, 부사관, 군 의무복무병(대체복무자 포함), 나라사랑카드 발급대상자(징병검사 받은자) 및 소지자(예비역, 입영예정자), 육·해·공군사관생도, 간호사관생도 등 각급 사관생도, rotc(학군사관후보생), 학사장교후보생, 3사관학교생, 여군사관후보생, 준사관·부사관 후보생 등 각급 장교 후보생 및 사관 후보생※ 가입대상 확인서류(예시) ㅇ 장교, 준사관, 부사관 : 장교, 준사관, 부사관 신분증 등 ㅇ 군 의무복무병 등 : 입영사실확인서, 병적증명서, 소속부대장이 확인한 서류, 입영통지서, 유효한 나라사랑카드 등 ㅇ 사관생도 : 생도 신분증 등 ㅇ 후보생 : 학군단장 또는 교육훈련학교장 확인서(후보생 신분증) 등",,kb국민은행,0.0,0.0,0.0,0.0,0.0,0.0,0.0,100.0,,,,,,,,0,0,0,0,0,0,0,0,0,,
직장인우대종합통장,실명의 개인으로 1인 1계좌,,kb국민은행,0.0,0.0,0.0,0.0,0.0,0.0,0.0,100.0,,,,,,,,0,0,0,0,0,0,0,0,0,,
국민아파트생활통장,#name?,,kb국민은행,0.0,0.0,0.0,0.0,0.0,0.0,0.0,100.0,,,,,,,,0,0,0,0,0,0,0,0,0,,
kb우대저축통장 (개인 mmda),개인,,kb국민은행,0.0,0.0,0.0,0.0,0.0,0.0,0.0,100.0,,,,,,,,0,0,0,0,0,0,0,0,0,,
가계당좌예금,일정자격을 갖춘 개인(전 금융기관을 통하여 1인 1계좌),,kb국민은행,0.0,0.0,0.0,0.0,0.0,0.0,0.0,100.0,,,,,,,,0,0,0,0,0,0,0,0,0,,
kb종합통장,제한없음,,kb국민은행,0.0,0.0,0.0,0.0,0.0,0.0,0.0,100.0,,,,,,,,0,0,0,0,0,0,0,0,0,,
kb행복지킴이통장,"실명의 개인으로서 기초생활수급자, 기초(노령)연금수급자, 장애인연금 수급자, 장애(아동)수당 수급자, 한부모가족지원 보호대상자, 요양비등 수급자, 긴급지원 대상자, 어선원보험의 보험급여 지급대상자, 특별현금급여비 수급자, 퇴직공제금 수급자, 아동수당 수급자, 노란우산공제금 수급자, 자립수당 수급자, 재난적의료비 수급자",,kb국민은행,0.0,0.0,0.0,0.0,0.0,0.0,0.0,100.0,,,,,,,,0,0,0,0,0,0,0,0,0,,
kb국민희망지킴이통장,실명의 개인으로 산업재해 보험급여를 수령하는 고객 (1인 1계좌),,kb국민은행,0.0,0.0,0.0,0.0,0.0,0.0,0.0,100.0,,,,,,,,0,0,0,0,0,0,0,0,0,,
kdb뉴딜 기업통장,법인(1사 1계좌),"중견기업 등에 대해서 우대금리 및 우대서비스를 제공하는 상품으로, 결제성 자금의 일시예치 및 여유자금의 단기적 운용 목적으로 적합  중소, 중견기업 등에 대해서 우대금리 및 우대서비스를 제공하는 상품으로, 결제성 자금의 일시예치 및 여유자금의 단기적 운용 목적으로 적합한 상품",kdb산업은행,50.0,0.0,0.0,0.0,0.0,0.0,0.0,50.0,,,,,,,,0,0,0,0,0,0,0,0,0,,
kdb hi 비대면 입출금통장,실명의 개인(개인사업자 및 임의단체 제외)으로 만 17세 이상의 국민인 거주자,"영업점 방문없이 가입이 가능한 고금리 입출금이 자유로운 예금으로 인터넷뱅킹, 스마트폰뱅킹, 폰뱅킹 및 자동화기기이용수수료 우대  ▪ 비대면 실명확인 서비스로 가입이 가능한 입출금이 자유로운 예금&nbs;  ▪ 인터넷뱅킹, 스마트폰뱅킹, 폰뱅킹 및 자동화기기(cd/atm) 이용수수료 우대",kdb산업은행,0.0,0.0,0.0,0.0,0.0,0.0,0.0,100.0,,,,,,만 17세 이상,['17'],17,0,1,1,1,1,1,1,1,,
kdb hi 입출금통장,"실명의 개인(개인사업자, 임의단체 제외)으로 만 14세 이상의 국민인 거주자","영업점에서 가입이 가능한 온라인 전용 입출금이 자유로운 예금으로 인터넷뱅킹, 스마트폰뱅킹, 폰뱅킹 및 자동화기기 이용수수료 우대  ▪ 편리한 온라인 전용 입출금이 자유로운 예금  ▪ 인터넷 뱅킹, 폰뱅킹, 스마트폰뱅킹 및 당행 자동화기기(cd/atm) 이용수수료 면제  ▪ 타행 자동화기기(cd/atm) 이용수수료는 하단의 부가혜택 항목 참조",kdb산업은행,0.0,0.0,0.0,0.0,0.0,0.0,0.0,100.0,,,,,,만 14세 이상,['14'],14,0,1,1,1,1,1,1,1,,
kdbdream account,"실명의 개인 (개인사업자, 임의단체 제외)",기간·금액 구분없이 단일금리 제공하는 상품으로 온라인금융(인터넷뱅킹 등) 및 자동화기기 (cd/atm) 이용수수료가 우대되는 예금상품  ▪ 기간&middot;금액 구분없이 단일금리 제공  ▪ 온라인금융(인터넷뱅킹 등) 및 자동화기기 (cd/atm) 이용수수료 우대,kdb산업은행,0.0,0.0,0.0,0.0,0.0,0.0,0.0,100.0,,,,,,,,0,0,0,0,0,0,0,0,0,,
kdb부가가치세 매입자 납부전용예금,법인 및 개인사업자,금 관련 제품 및 스크랩등에 대한 부가가치세 매입자 납부특례 제도 시행에 따라 사업자간 관련 제품 거래 시 매매대금의 결제와 부가가치  금 관련 제품 및 스크랩등에 대한 부가가치세 매입자 납부특례 제도 시행(조세특례제한법 제106조의4 및 제106조의9)에 따라 사업자간 관련 제품 거래 시 매매대금의 결제와 부가가치세의 원활한 납부를 지원하는 계좌,kdb산업은행,50.0,0.0,0.0,0.0,0.0,0.0,0.0,50.0,,,,,,,,0,0,0,0,0,0,0,0,0,,
kdbdream ceo account,"개인(개인사업자 포함), 1인 1계좌","입출금이 자유로운 예금으로서, ceo 등 비즈니스 지도층 대상의 주거래계좌 상품  ▪ 입출금이 자유로운 예금으로서, ceo 등 비즈니스 지도층 대상의 주거래계좌 상품 입니다.&nbs;  ▪ kdbdream ceo account는「kdbdream ceo 정기예금」,「ceo wallet 자동적립 서비스」,「kdb투자금융 서비스」등을 이용하기 위한 기본계좌입니다.&nbs;  ▪ 매월 말 기준 월평잔이 1천만원 이상일 경우, 특별이율을 제공하고 전은행 cd/atm 출금 및 이체 수수료 등 주요 수신거래 수수료 면제 등의 혜택을 드립니다.",kdb산업은행,0.0,0.0,0.0,0.0,0.0,0.0,0.0,100.0,,,,,,,,0,0,0,0,0,0,0,0,0,,
행복지킴이 통장,"▪ ⌜국민기초생활보장법⌟에서 정하는 기초생활수급자 및 자활급여를 받는 차상위자  ▪ 「기초연금법」에서 정하는 기초(노령)연금수급자  ▪ 「장애인연금법」에서 정하는 장애인연금수급자  ▪ 「장애인복지법」에서 정하는 장애수당, 장애아동수당 수급자  ▪ 「한부모가족지원법」에서 정하는 한부모가족 복지 급여수급자  ▪ 「국민건강보험법」에서 정하는 요양비등 수급자&nbs;  ▪ 「긴급복지지원법」에서 정하는 긴급지원대상자&nbs;  ▪ 「어선원 및 어선 재해보상 보험법」에서 정하는 어선원보험의 보험급여 지급대상자  ▪ 「노인장기요양보험법」에서 정하는 특별현금급여 수급자  ▪ 「건설근로자의 고용개선 등에 관한 법률」에서 정하는 퇴직공제금 수급자  ▪ 「아동수당법」에서 정하는 아동수당 수급자  ▪ 「중소기업협동조합」에서 정하는 소기업,소상공인공제(노란우산공제)의 공제금 수급자  ▪ 「아동복지법」에서 정하는 보호종료아동 자립수당 수급자","기초생활보장급여, 기초(노령)연금, 장애인연금, 장애(아동)수당 등에 대한 압류가 불가능한 압류방지 전용통장  ▪ 기초생활보장급여, 자활급여(차상위자), 기초(노령)연금, 장애인연금, 장애(아동)수당, 한부모가족 복지 급여, 요양비, 긴급지원금, 어선원보험급여, 특별현금급여, 퇴직공제금, 아동수당, 노란우산공제금, 보호종료아동 자립수당 등에 대한 압류가 불가능한 압류방지 전용통장입니다.  ▪ 기초생활보장급여, 자활급여(차상위자), 기초(노령)연금, 장애인연금, 장애(아동)수당, 한부모가족 복지 급여, 요양비, 긴급지원금,&nbs; 어선원보험급여, 특별현금급여, 퇴직공제금, 아동수당, 노란우산공제금, 보호종료아동 자립수당 등 외 타 입금 일체 불가합니다.  ▪ 압류, 질권설정, 은행의 상계등 기초생활보장 수급권을 저해하는 일체행위 불가합니다.",kdb산업은행,0.0,0.0,24.08700656003788,22.41179765107824,0.0,0.0,3.5011957888838783,49.99999999999999,,,,,,,,0,0,0,0,0,0,0,0,0,,
kdb 호국보훈지킴이통장,국가보훈처에서 지급하는 보훈급여금 등을 수령하는 실명의 개인 (1인1계좌),"「국가유공자 등 예우 및 지원에 관한 법률」 등 보훈급여 관련 법령에 따라 국가보훈처에서 매월 지급되는 보훈급여금 등에 대하여 압류  ▪ 국가보훈처에서 보훈급여 관련 법령에 따라 매월 지급하는 보훈급여금등에 대하여 압류를 방지하기 위한 전용통장입니다.&nbs;  &nbs;   보훈급여금 등 : 국가보훈처에서 지급하는 보훈급여금, 참전명예수당, 고엽제수당 등 정기급여  ▪ 이 통장은 국가보훈처에서 지급하는 보훈급여금등 이외에 타 입금은 불가합니다.&nbs;  ▪ 압류, 질권설정, 은행의 상계등 보훈급여금 등의 수급권을 저해하는 행위는 불가합니다.",kdb산업은행,0.0,0.0,0.0,0.0,0.0,0.0,0.0,100.0,,,,,,,,0,0,0,0,0,0,0,0,0,,
kdbdream 기업 account,법인 또는 사업자등록증을 소지한 개인사업자,"고객 상황에 맞는 이자지급방식 선택가능한 상품으로 기업의 결제성 자금의 일시예치, 일시적 여유자금의 단기적 운용이 가능  ▣ 고객 상황에 맞는 이자지급방식 선택가능        1) 분기원가식 : 매일잔액기준으로 3개월마다 이자계산 및 지급        2) 인출시이자지급식 : 인출시 인출금액을 기준으로 이자계산 및 지급 (별도협의 필요)      ▣ 기업의 결제성 자금의 일시예치, 일시적 여유자금의 단기적 운용     예) 직원급여이체, 공과금 자동납부, cms입출금계좌 활용가능",kdb산업은행,26.293126856691288,23.706873143308712,0.0,0.0,0.0,0.0,0.0,50.0,,,,,,,,0,0,0,0,0,0,0,0,0,,
보증서담보대출 입금전용 보통예금,"신용보증기금, 기술보증기금, 지역신용보증재단 등 공공 보증기관의 보증서 담보대출을 받는 법인 등",공공 보증기관의 보증서 담보대출 실행 자금에 한하여 입금이 가능한 보증서담보대출 입금전용 보통예금  공공 보증기관의 보증서 담보대출 실행 자금에 한하여 입금이 가능한 보증서담보대출 입금전용 보통예금,kdb산업은행,0.0,0.0,0.0,0.0,0.0,0.0,0.0,100.0,,,,,,,,0,0,0,0,0,0,0,0,0,,
nh페이모아통장,개인 (1인 1계좌),"간편결제 이용 고객님을 위한 입출식 특화상품!, 간편결제 실적에 따라 금리우대 및 수수료 면제 혜택을 제공하는 비대면 전용 입출식 상품",nh농협은행,0.0,0.0,0.0,0.0,0.0,0.0,0.0,100.0,,,,,,,,0,0,0,0,0,0,0,0,0,,
사업잘되는nh통장,"개인사업자 (사업자번호별 1계좌, 공동대표 가입불가)","서류없이 바로 가입하는 개인사업자 전용통장, 신용카드/현금카드/제로페이 가맹점대금 입금시 이 통장을 통한 거래에 한해 우대혜택을 드리는 비대면 전용 입출식 상품",nh농협은행,50.0,0.0,0.0,0.0,0.0,0.0,0.0,50.0,,,,,,,,0,0,0,0,0,0,0,0,0,,
nh주거래우대통장,개인(1인 1계좌),"은행 거래실적에 따라 우대금리, 수수료 면제 등 서비스를 제공하는 입출식 상품, 은행 거래실적에 따라 우대금리, 수수료 면제 등 서비스를 제공하는 입출식 상품",nh농협은행,0.0,0.0,0.0,0.0,0.0,0.0,0.0,100.0,,,,,,,,0,0,0,0,0,0,0,0,0,,
nh x 카카오페이통장,개인 (1인 1계좌),"카카오페이 할 때 정말 편한 통장, 카카오페이 할 때 정말 편한 통장",nh농협은행,0.0,0.0,0.0,0.0,0.0,0.0,0.0,100.0,,,,,,,,0,0,0,0,0,0,0,0,0,,
매직트리(magic tree)아이(i)계좌,매직트리(magic tree)통장 가입자,"모계좌를 근거로 가입 및 거래할 수 있는 수시입출식 예금 상품, 모계좌를 근거계좌로 하여 본 상품을 인터넷뱅킹에서 가입 및 거래할 수 있는 국내 최초의 수시입출식 무통장예금",nh농협은행,0.0,0.0,0.0,0.0,0.0,0.0,0.0,100.0,,,,,,,,0,0,0,0,0,0,0,0,0,,
채움공직자우대통장,"공무원, 교사(사립학교교직원 포함), 군인, 공공기관 임직원(1인 1계좌)  ※ 장교, 부사관, 일반사병, 기타(rotc, 육·해·공군사관생도, 학사장교 후보생, 여군장교 후보생, 준사관 및 부사관 후보생 등)   ※ 단, 가입대상이 일반사병인 경우, 가입일로부터 2년이 되는 시점 이후 최초 도래하는 예금이자 원가일에 일반저축예금으로 자동 전환되며, 전환일부터는 우대서비스 미제공","급여이체와 거래실적에 따라 우대혜택을 드리는 공직자 전용, 공무원, 군인, 공공기관 임직원 등을 대상으로 급여이체와 거래실적에 따라 우대혜택을 드리는 공직자 전용 입출식 상품",nh농협은행,0.0,0.0,0.0,0.0,0.0,0.0,0.0,100.0,,,,,,,,0,0,0,0,0,0,0,0,0,M,군인
nh1934우대통장,만19세~만34세의 개인(1인1계좌),"만19세~만34세 고객님을 위한 특화상품, 청년고객에게 다양한 서비스 혜택과 높은 우대금리를 제공하는 상품",nh농협은행,0.0,0.0,0.0,0.0,0.0,0.0,0.0,100.0,,,,,,만19세~만34세,"['19', '34']",19,34,0,1,1,0,0,0,0,,
nh all100플랜통장,개인(1인 1계좌),"은퇴(준비) 고객을 위한 입출식 상품, 연금수급, 카드이용에 따른 우대금리 제공 및 급여이체, 교차거래 실적에 따라 금융서비스를 제공하는 은퇴(준비) 고객을 위한 입출식 상품",nh농협은행,0.0,0.0,0.0,0.0,0.0,0.0,50.0,50.0,,,,,,,,0,0,0,0,0,0,0,0,0,,
magic tree(매직트리),개인 (1인 1계좌),"전자금융 전용 무통장 입출식 예금, 전자금융 전용 무통장 입출식 예금",nh농협은행,0.0,0.0,0.0,0.0,0.0,0.0,0.0,100.0,,,,,,,,0,0,0,0,0,0,0,0,0,,
asset글로벌증권통장,국민인 거주자로서 실명의 개인,"nh투자증권 제휴의 증권거래 겸용 입출식 통장, 증권거래와 카드실적에 따라 금융혜택을 제공하고 국내주식거래 및 해외주식 적립식 투자가 가능한 nh투자증권 제휴의 증권거래 겸용 입출식 통장",nh농협은행,0.0,0.0,0.0,0.0,0.0,0.0,0.0,100.0,,,,,,,,0,0,0,0,0,0,0,0,0,,
실업급여지킴이 통장,"「고용보험법」에서 정하는 실업급여수급자(개인, 1인 1계좌)","실업급여 수급권자의 수급권을 보호하는 압류방지전용통장, 법령에 따라 압류가 금지되는 수급금 등의 압류방지 전용통장",nh농협은행,0.0,0.0,0.0,0.0,0.0,0.0,0.0,100.0,,,,,,,,0,0,0,0,0,0,0,0,0,,
행복지킴이 통장,기초생활수급금등을 수령하는 실명의 개인(1인1계좌),"법령에 따라 압류가 금지되는 수급금 등의 압류방지 전용통장, 법령에 따라 압류가 금지되는 수급금 등의 압류방지 전용통장",nh농협은행,0.0,0.0,0.0,0.0,0.0,0.0,0.0,100.0,,,,,,,,0,0,0,0,0,0,0,0,0,,
nh호국보훈지킴이통장,보훈급여금 등을 수령하는 개인(1인1계좌),"법령에 따라 압류가 금지되는 수급금 등의 압류방지 전용통장, 법령에 따라 압류가 금지되는 수급금 등의 압류방지 전용통장",nh농협은행,0.0,0.0,0.0,0.0,0.0,0.0,0.0,100.0,,,,,,,,0,0,0,0,0,0,0,0,0,,
알짜배기저축예금(mmda),개인 기본계좌 :  보통예금,"단기여유자금을 예치하고자 하는 개인고객을 위한 상품, 5백만원 이상 1개월 이하의 단기여유자금을 예치하고자 하는 개인고객을 위한 상품",nh농협은행,0.0,0.0,0.0,0.0,0.0,0.0,0.0,100.0,,,,,,,,0,0,0,0,0,0,0,0,0,,
nh농심 농부의마음통장,개인(1인 1계좌),"농협 경제사업장 이용실적에 따라 수수료 면제, 농협의 경제사업장 이용실적 등에 따라 수수료 면제를 제공하는 입출식 상품",nh농협은행,0.0,0.0,0.0,0.0,0.0,0.0,0.0,100.0,,,,,,,,0,0,0,0,0,0,0,0,0,,
nh철/구리/금 사업자전용계좌,"개인사업자 또는 법인 ※ 다음 각 호의 어느 하나에 해당하는 물품(이하 ""철·구리 스크랩 또는 금 관련 제품 등""이라 한다)을 공급하거나 공급받으려는 사업자(법인 및 사업자등록증을 소지한 개인사업자) 또는 수입하려는 사업자(이하 ""철·구리 스크랩 또는 금 관련 사업자""라 한다)입니다.","철˙구리/금 제품의 매매대금결제와 부가가치세 납부를 지원하는 계좌, “금 관련 제품에 대한 부가가치세 매입자 납부제도” 시행 (조세특례제한법 제106조의4)에 따라 금 관련 제품 등의 매매대금 결제와 부가가치세 납부를 원활히 지원하는 계좌",nh농협은행,0.0,0.0,0.0,0.0,0.0,0.0,0.0,100.0,,,,,,,,0,0,0,0,0,0,0,0,0,,
nh착한어린이통장,만 13세 이하 개인(1인1계좌),"착한거래 및 금융거래 실적에 따라  금융수수료 면제, 어린이고객들에게 금융거래의 친숙감을 주고 착한거래 및 금융거래 실적에 따라 금융수수료 면제 서비스를 제공하는 입출식 상품",nh농협은행,0.0,0.0,0.0,50.0,0.0,0.0,0.0,50.0,,,,,,만 13세 이하,['13'],13,0,1,0,0,0,0,0,0,,
nh성공파트너통장,개인사업자,"개인사업자를 위한 전용 특화상품, 카드이용, 월평잔, 자동이체 실적에 따라 다양한 금융 우대를 제공하는 개인사업자 전용 입출식 통장",nh농협은행,50.0,0.0,0.0,0.0,0.0,0.0,0.0,50.0,,,,,,,,0,0,0,0,0,0,0,0,0,,
해봄n돌핀통장,만6세~만33세 개인(1인 1계좌),"youth 대상 입출식 통장, youth 대상 입출식 통장",nh농협은행,0.0,0.0,0.0,0.0,0.0,0.0,0.0,100.0,,,,,,만6세~만33세 ,"['6', '33']",6,33,1,1,1,0,0,0,0,,
nh외국인우대통장,외국인(1인 1계좌),"외국인 우대 전용통장, 외국인 우대 전용통장",nh농협은행,0.0,0.0,0.0,0.0,0.0,0.0,0.0,100.0,,,,,,,,0,0,0,0,0,0,0,0,0,,
채움샐러리맨우대통장,만 18세 이상 개인 (1인1계좌),"급여소득자에게 다양한 금융 혜택을 제공하는 입출식 통장, 급여소득자에게 다양한 금융 혜택을 제공하는 입출식 통장",nh농협은행,0.0,0.0,0.0,0.0,0.0,0.0,0.0,100.0,,,,,,만 18세 이상,['18'],18,0,1,1,1,1,1,1,1,,
채움통장,개인(1인 1계좌),"연계상품과의 복합거래를 통한 우대서비스 제공, ‘채움’ 명칭과 연계한 입출식통장으로, 연계상품과의 복합거래를 통한 우대서비스 제공",nh농협은행,0.0,0.0,0.0,0.0,0.0,0.0,0.0,100.0,,,,,,,,0,0,0,0,0,0,0,0,0,,
진짜사나이통장(저축예금),"군인(rotc, 육·해·공군사관생도, 학사장교/여군사관/준사관/부사관 후보생, 훈련병 포함), 국가보훈대상자 중 전몰군인가족(국가유공자유족증 보유자), 상이군인 개인[1인 1계좌]","군인 및 국가보훈 대상자를 위한 입출금 통장, 군인 및 국가보훈 대상자를 위한 입출금 통장",nh농협은행,0.0,0.0,0.0,0.0,0.0,0.0,0.0,100.0,,,,,,,,0,0,0,0,0,0,0,0,0,M,군인
보통예금,제한없음,"소비자금 또는 유휴자금의 일시적 보관을 목적으로 개설하는 입출금이 자유로운 상품, 소비자금 또는 유휴자금의 일시적 보관을 목적으로 개설하는 입출금이 자유로운 상품",nh농협은행,0.0,0.0,0.0,0.0,0.0,0.0,0.0,100.0,,,,,,,,0,0,0,0,0,0,0,0,0,,
하나로증권통장,국민인 거주자,"농협은행 예금상품 가입과 동시에 개설하여 증권거래를 할 수 있는 입출식 통장, 농협과 제휴한 각 증권(선물)사의 증권계좌를 농협은행 예금상품 가입과 동시에 개설하여 증권거래를 할 수 있는 입출식 통장",nh농협은행,0.0,0.0,0.0,0.0,0.0,0.0,0.0,100.0,,,,,,,,0,0,0,0,0,0,0,0,0,,
법사랑플러스통장,"개인, 법인","사회전반으로 법질서 실천 운동을 확대해 나가는 공익금융상품, 실생활 속에서 국민 모두가 꼭 지켜야 할 기초질서 등 사회전반으로 법질서 실천운동을 확대해 나가는 공익금융상품",nh농협은행,0.0,0.0,0.0,0.0,0.0,0.0,0.0,100.0,,,,,,,,0,0,0,0,0,0,0,0,0,,
nh임금채권 전용통장,「임금채권보장법」에서 정하는 체당금(대지급금) 수급자,"체당금(대지급금) 수급권자의 수급권을 보호하는 압류방지전용통장, 법령에 따라 압류가 금지되는 수급금 등의 압류방지 전용통장",nh농협은행,0.0,0.0,0.0,0.0,0.0,0.0,0.0,100.0,,,,,,,,0,0,0,0,0,0,0,0,0,,
오~필승통장,아래 요건 중 하나에 해당하는 고객 1. 공직선거 입후보자(예비후보 포함) 2. 공직선거 입후보자(예비후보 포함)의 회계책임자(선임신고서 사본 등을 제출하    여 자격을 확인한 경우에 한함),"공직선거 입후보자 선거비용의 수입, 지출을 종합적으로 관리하기 위한 수시입출식 예금, 공직선거 입후보자 선거비용의 수입, 지출을 종합적으로 관리하기 위한 수시입출식 예금",nh농협은행,0.0,0.0,0.0,0.0,0.0,0.0,0.0,100.0,,,,,,,,0,0,0,0,0,0,0,0,0,,
nh사장님우대통장,사업자등록증을 소지한 개인사업자,"신용카드/현금카드/제로페이 가맹점통장 이용 시 우대혜택, 신용카드/현금카드/제로페이 가맹점통장으로 이용 시 우대혜택을 드리는 입출식 상품",nh농협은행,0.0,0.0,0.0,0.0,0.0,0.0,0.0,100.0,,,,,,,,0,0,0,0,0,0,0,0,0,,
nh산재보험급여 희망지킴이통장,"「산재보험법」에서 정하는 산재보험급여 수급자(개인, 1인 1계좌)","산재보험급여 수급금의 압류방지 전용계좌, 법령에 따라 압류가 금지되는 수급금 등의 압류방지 전용통장(1인 1계좌)",nh농협은행,0.0,0.0,50.0,0.0,0.0,0.0,0.0,50.0,,,,,,,,0,0,0,0,0,0,0,0,0,,
nh모여라통장(저축예금),개인 (1인 1계좌),"모임 및 회비관리를 위한 농협은행 입출식 통장, 모임 및 회비관리를 위한 농협은행 입출식 통장",nh농협은행,0.0,0.0,0.0,0.0,0.0,0.0,0.0,100.0,,,,,,,,0,0,0,0,0,0,0,0,0,,
nh20해봄통장,만 19세 이상 만 40세 미만 개인 (1인 1계좌),"통장개설만으로 인터넷/스마트뱅킹 타행이체 수수료 면제, nh20해봄통장 가입만으로 인터넷/스마트 뱅킹 타행이체 수수료가 면제되는 비대면전용 입출식 상품",nh농협은행,0.0,0.0,0.0,0.0,0.0,0.0,0.0,100.0,,,,,,만 19세 이상 만 40세 미만,"['19', '40']",19,40,0,1,1,0,0,0,0,,
저축예금,개인,"자금의 일시적 보관 목적으로 개인이 거래할 수 있는 입출금이 자유로운 상품, 자금의 일시적 보관 목적으로 개인이 거래할 수 있는 입출금이 자유로운 상품",nh농협은행,0.0,0.0,0.0,0.0,0.0,0.0,0.0,100.0,,,,,,,,0,0,0,0,0,0,0,0,0,,
sc제일 마이시그니처통장,가입대상 : 개인 및 개인사업자 (1인 1계좌),입출금이 자유로우면서 은행거래실적에 따른 약정이율 및 추가 조건에 따라 우대이율을 제공하는 입출금예금 상품,sc제일은행,0.0,0.0,0.0,0.0,0.0,0.0,0.0,100.0,,,,,,,,0,0,0,0,0,0,0,0,0,,
마이웰쓰통장,가입대상 : 개인 및 개인사업자 (1인 1계좌),입출금이 자유로우면서 은행거래실적 및 예금 평잔 증가금액에 따라 우대 금리를 제공하는 입출금예금,sc제일은행,0.0,0.0,0.0,0.0,0.0,0.0,0.0,100.0,,,,,,,,0,0,0,0,0,0,0,0,0,,
두드림통장,,"조건없이, 다양한 수수료를 면제해드리는 통장!",sc제일은행,0.0,0.0,0.0,0.0,0.0,0.0,0.0,100.0,,,,,,,,0,0,0,0,0,0,0,0,0,,
sc제일마이줌통장,가입대상 : 개인 및 개인사업자 (1인 1계좌에 한함),고객이 직접 설정 및 변경할 수 있는 설정금액에 따라 차등금리를 제공하는 입출금 상품,sc제일은행,0.0,0.0,0.0,0.0,0.0,0.0,0.0,100.0,,,,,,,,0,0,0,0,0,0,0,0,0,,
제일ez통장,,"가입은 온라인으로 간편하게, 높은 금리와 수수료 면제까지",sc제일은행,0.0,0.0,0.0,0.0,0.0,0.0,0.0,100.0,,,,,,,,0,0,0,0,0,0,0,0,0,,
마이플러스통장,가입대상 : 개인 및 개인사업자 (1인 1계좌에 한함),최저 연 0.1%(세전) ~ 최고 연 0.3%(세전) 여유자금에 금리를 플러스 해드리는 자유입출금 통장,sc제일은행,0.0,0.0,0.0,0.0,0.0,0.0,0.0,100.0,,,,,,,,0,0,0,0,0,0,0,0,0,,
마이심플통장,가입대상 : 개인 및 개인사업자,"3백만원 넘는 여유자금, 단 하루를 맡겨도 최저 연0.01%(세전) ~ 최고 연0.20%(세전) 누구나 쉽게 계산할 수 있는 자유입출금통장",sc제일은행,0.0,0.0,0.0,0.0,0.0,0.0,0.0,100.0,,,,,,,,0,0,0,0,0,0,0,0,0,,
내지갑통장,,최저 연0.1%(세전) ~ 최고 연1.3%(세전) 금리와 다양한 수수료 면제로 주거래 통장에선 만날 수 없던 높은 수준의 혜택을 누리세요!,sc제일은행,0.0,0.0,0.0,0.0,0.0,0.0,0.0,100.0,,,,,,,,0,0,0,0,0,0,0,0,0,,
모아예금통장,,대출과 예금이 결합된 신개념 예금상품,sc제일은행,0.0,0.0,0.0,0.0,0.0,0.0,0.0,100.0,,,,,,,,0,0,0,0,0,0,0,0,0,,
e 클릭통장,,"별도의 통장 발행없는 무통장예금 상품으로 창구거래외 인터넷뱅킹, 텔레뱅킹 및 자동화기기(cd/atm) 등을 이용하여 언제든지 은행거래를 할 수 있는 온라인 거래전용 상품",sc제일은행,0.0,0.0,0.0,0.0,0.0,0.0,0.0,100.0,,,,,,,,0,0,0,0,0,0,0,0,0,,
자녀사랑통장,,자라나는 자녀들의 불의의 사고 및 질병에 대비한 다양한 보험혜택을 드리는 금리우대 입출금상품,sc제일은행,0.0,0.0,31.209843791631283,18.790156208368725,0.0,0.0,0.0,50.00000000000001,,,,,,,,0,0,0,0,0,0,0,0,0,,
sc행복지킴이통장,가입대상 : 실명의 개인으로 법령에 따라 압류가 금지는 아래의 수급금을 받는 자&#x0a;&#x0a;「국민기초생활보장법」에서 정하는 기초생활수급자&#x0a;「기초노령연금법」에서 정하는 기초노령연금수급자&#x0a;「장애인연금법」에서 정하는 장애인연금수급자&#x0a;「장애인복지법」에서 정하는 장애 (아동) 수당 수급자&#x0a;「한부모가족지원법」에서 정하는 한부모가족 복지급여수급자&#x0a;「국민건강보험법」에서 정하는 요양비 등 보험급여 수급자&#x0a;「긴급복지지원법」에서 정하는 긴급지원대상자&#x0a;「어선원 및 어선 재해보상보험법」에서 정하는 어선원보험의 보험급여 지급대상자&#x0a;「국가유공자 등 예우 및 지원에 관한 법률」에서 정하는 보훈급여금 수급자&#x0a;「노인장기요양보험법」에서 정하는 특별현금급여 수급자&#x0a;「건설근로자의 고용개선 등에 관한 법률」에서 정하는 퇴직공제금 수급자&#x0a;「석면피해구제법」에서 정하는 석면피해 구제급여 수급자&#x0a;「아동수당법」에서 정하는 아동수당 수급자&#x0a;「중소기업협동조합법」에서 정하는 노란우산공제 수급자,sc행복지킴이통장으로 각종 수급금을 안심하고 보장받으세요.,sc제일은행,0.0,0.0,0.0,0.0,0.0,0.0,0.0,100.0,,,,,,,,0,0,0,0,0,0,0,0,0,,
세이프저축예금,,"입출금이 자유로우면서 예치금액, 예치기간 등에 아무런 제한이 없으며, 최고 3억원까지 보험금을 지급하는 입출금이 자유로운 상품",sc제일은행,0.0,0.0,50.0,0.0,0.0,0.0,0.0,50.0,,,,,,,,0,0,0,0,0,0,0,0,0,,
가계당좌예금,,개인이 가계수표를 발행할 수 있는 예금으로 은행이 실시하는 소정의 신용조사에서 신용평점 등으로 심사하여 결정,sc제일은행,0.0,0.0,0.0,0.0,0.0,0.0,0.0,100.0,,,,,,,,0,0,0,0,0,0,0,0,0,,
ibk w소확행통장(입출금식),실명의 개인 (1인1계좌)개인사업자 및 외국인 비거주자 제외,,기업은행,0.0,0.0,0.0,0.0,0.0,0.0,0.0,100.0,,,,,,,,0,0,0,0,0,0,0,0,0,,
ibk썸통장(입출금식),"실명의 개인(개인사업자 제외), 1인 1계좌",,기업은행,0.0,0.0,0.0,0.0,0.0,0.0,0.0,100.0,,,,,,,,0,0,0,0,0,0,0,0,0,,
ibk임금채권전용통장,임금채권보장법에서 정하는 체당금(체불임금등대지급금)을 수령하는 실명의 개인 (1인 1계좌),,기업은행,0.0,0.0,0.0,0.0,0.0,0.0,0.0,100.0,,,,,,,,0,0,0,0,0,0,0,0,0,,
ibk주거래생활금융통장,"실명의 개인 (단, 개인사업자는 제외이며, 1인당 1계좌 신규 가능)",,기업은행,0.0,0.0,0.0,0.0,0.0,0.0,0.0,100.0,,,,,,,,0,0,0,0,0,0,0,0,0,,
ibk 늘푸른하늘통장[입출금식],실명의 개인 (1인1계좌)개인사업자 제외,,기업은행,0.0,0.0,0.0,0.0,0.0,0.0,0.0,100.0,,,,,,,,0,0,0,0,0,0,0,0,0,,
ibk 간편한 통장,실명의 개인 (1인1계좌)※ 개인사업자 및 외국인 비거주자 제외,,기업은행,0.0,0.0,0.0,0.0,0.0,0.0,0.0,100.0,,,,,,,,0,0,0,0,0,0,0,0,0,,
ibk 성공의 법칙 통장,"사업자등록증을 소지한 개인사업자 및 법인(단, 저축예금은 개인사업자만 가입가능)※ 동일 사업자번호기준 1계좌만 가입가능",,기업은행,0.0,0.0,0.0,0.0,0.0,0.0,0.0,100.0,,,,,,,,0,0,0,0,0,0,0,0,0,,
ibk w소확행통장(입출금식),실명의 개인 (1인1계좌)개인사업자 및 외국인 비거주자 제외,,기업은행,0.0,0.0,0.0,0.0,0.0,0.0,0.0,100.0,,,,,,,,0,0,0,0,0,0,0,0,0,,
i 미래통장,만 19세 이하 실명의 개인 (1인 1계좌),,기업은행,0.0,0.0,0.0,0.0,0.0,0.0,0.0,100.0,,,,,,만 19세 이하,['19'],19,0,1,0,0,0,0,0,0,,
ibk부가가치세 매입자 납부전용통장,"개인사업자 및 법인(순수개인은 제외)으로 조세특례제한법 시행령이 정하는 다음 각 호의 어느 하나에 해당하는 물품을 공급하거나 공급받으려는 사업자 또는 수입하려는 사업자      1. 조세특례제한법 시행령으로 정하는 형태·순도 등을 갖춘 지금   2. 조세특례제한법 시행령으로 정하는 형태·순도 등을 갖춘 금제품  3. 조세특례제한법 시행령으로 정하는 금 관련 웨이스트와 스크랩  4. 관세법 제84조에 따라 기획재정부 장관이 고시한 관세·통계통합품목분류표 중 구리의 웨이스트 및 스크랩과 잉곳 또는 이와 유사한 재용해 구리의 웨이스트와 스크랩으로부터 제조된 괴상의 주조물  5. 구리가 포함된 합금의 웨이스트 및 스크랩으로서 구리함유량이 100분의 40이상인 물품    6. 관세법 제84조에 따라 기획재정부 장관이 고시한 관세·통계통합품목분류표 중 철의 웨이스트와 스크랩, 철강의 재용해용 스크랩 잉곳 또는 그 밖에 이와 유사한 것으로서 조세특례제한법 시행령으로 정하는 물품",,기업은행,0.0,0.0,0.0,0.0,0.0,0.0,0.0,100.0,,,,,,,,0,0,0,0,0,0,0,0,0,,
ibk호국보훈지킴이통장,,,기업은행,0.0,0.0,0.0,0.0,0.0,0.0,0.0,100.0,,,,,,,,0,0,0,0,0,0,0,0,0,,
ibk kr체불e제로 통장,법인 및 개인사업자 (순수개인은 제외),,기업은행,0.0,0.0,0.0,0.0,0.0,0.0,0.0,100.0,,,,,,,,0,0,0,0,0,0,0,0,0,,
ibk주식거래 캐시백통장,실명의 개인(1인 1계좌),,기업은행,0.0,0.0,0.0,0.0,0.0,0.0,0.0,100.0,,,,,,,,0,0,0,0,0,0,0,0,0,,
ibk나라사랑통장[입출금식],"징병검사 수검자, 현역병사(의무복무자) 실명의 개인 (1인 1통장)         가입대상별 자격서류 (단, 병무청 발급소에서 발급받는 경우 자격서류 생략)              징병검사 수검자 : 징병검사결과통보서 (병무청 발급)      현역병사(의무복무자) : 입영사실확인서, 병적증명서, 소속부대장이 확인한 서류, 휴가증,                            외출증, 외박증, 유효한 나라사랑카드 등",,기업은행,0.0,0.0,0.0,0.0,0.0,0.0,0.0,100.0,,,,,,,,0,0,0,0,0,0,0,0,0,M,군인
ibk평생주거래기업통장,"법인 및 개인사업자 (1기업 1통장)  단, 저축예금은 개인사업자만 가입 가능",,기업은행,0.0,0.0,0.0,0.0,0.0,0.0,0.0,100.0,,,,,,,,0,0,0,0,0,0,0,0,0,,
ibk하도급지킴이통장,법인 및 개인사업자 (원·하도급기업),,기업은행,0.0,0.0,0.0,0.0,0.0,0.0,0.0,100.0,,,,,,,,0,0,0,0,0,0,0,0,0,,
ibk i love korea [입출금식],외국인 거주자,,기업은행,0.0,0.0,0.0,0.0,0.0,0.0,0.0,100.0,,,,,,,,0,0,0,0,0,0,0,0,0,,
ibk유치원&어린이집우대통장,"사업자등록증, 고유번호증을 소지한 유치원 또는 어린이집",,기업은행,0.0,0.0,0.0,0.0,0.0,0.0,0.0,100.0,,,,,,,,0,0,0,0,0,0,0,0,0,,
ibk평생설계통장,"실명의 개인(개인사업자 제외, 1인 1계좌)",,기업은행,0.0,0.0,0.0,0.0,0.0,0.0,0.0,100.0,,,,,,,,0,0,0,0,0,0,0,0,0,,
ibk행복지킴이통장,"기초생활급여, 자활급여(차상위자), 기초(노령)연금, 장애인연금, 장애(아동)수당, 한부모가족 복지급여, 요양비 등 보험급여 수급자, 긴급지원대상자, 어선원보험 보험급여, 특별현금급여, 아동수당 수급자, 노란우산공제 수급자, 보호종료아동 자립수당 수급자, 재난적의료비 지원금 수급자",,기업은행,0.0,0.0,0.0,0.0,0.0,0.0,0.0,100.0,,,,,,,,0,0,0,0,0,0,0,0,0,,
ibk플러스기업자유예금,법인 및 사업자등록증을 소지한 개인사업자,,기업은행,0.0,0.0,0.0,0.0,0.0,0.0,0.0,100.0,,,,,,,,0,0,0,0,0,0,0,0,0,,
당좌예금,소정의 요건을 갖춘 법인 또는 개인기업,,기업은행,0.0,0.0,0.0,0.0,0.0,0.0,0.0,100.0,,,,,,,,0,0,0,0,0,0,0,0,0,,
기업자유예금,법인 및 개인사업자,,기업은행,0.0,0.0,0.0,0.0,0.0,0.0,0.0,100.0,,,,,,,,0,0,0,0,0,0,0,0,0,,
가계당좌예금,소정의 요건을 갖춘 개인(전 금융회사를 통하여 1인 1계좌),,기업은행,0.0,0.0,0.0,0.0,0.0,0.0,0.0,100.0,,,,,,,,0,0,0,0,0,0,0,0,0,,
저축예금,개인/개인사업자,,기업은행,0.0,0.0,0.0,0.0,0.0,0.0,0.0,100.0,,,,,,,,0,0,0,0,0,0,0,0,0,,
보통예금,제한없음,,기업은행,0.0,0.0,0.0,0.0,0.0,0.0,0.0,100.0,,,,,,,,0,0,0,0,0,0,0,0,0,,
신한 주거래 우대통장(저축예금),개인부분(단. 개인사업 가입 불가),"예금 하나로 누리는 금융특혜!! 급여이체 또는 생활거래시 수수료 면제, 환율우대 등의 혜택이 제공!",신한은행,0.0,0.0,0.0,0.0,0.0,0.0,0.0,100.0,,,,,,,,0,0,0,0,0,0,0,0,0,,
쏠편한 입출금통장,"개인부분,기타임의단체(대표자주민등록번호)","이체수수료(모바일, 인터넷, 폰뱅킹ars), 인출수수료 (신한은행cd/atm), 타행자동이체수수료가 무제한 면제되며, 쏠편한 저금통을 이용할 수 있는 상품 ※ 영업점/인터넷 : 기존계좌 전환가능가능",신한은행,0.0,0.0,0.0,0.0,0.0,0.0,0.0,100.0,,,,,,,,0,0,0,0,0,0,0,0,0,,
hey young 머니박스,개인부분,예비자금의 입출금이 자유로우며 하루만 맡겨도 금리혜택을 제공하는 20대(만18세~만29세) 전용 상품,신한은행,0.0,0.0,0.0,0.0,0.0,0.0,0.0,100.0,,,,,,,,0,0,0,0,0,0,0,0,0,,
신한 주거래 미래설계통장,개인부분,"공적연금, 퇴직연금, 개인연금을 통장 하나로 관리 ! 연금수급시 금리 및 수수료 우대 제공 !",신한은행,0.0,0.0,0.0,0.0,0.0,0.0,0.0,100.0,,,,,,,,0,0,0,0,0,0,0,0,0,,
한달愛(애)저금통,개인부분,1. 자투리 금액을 쉽게 저축하기    1일 3만원 이내에 간편하게 입금할 수 있습니다 2. 월swing 서비스   매월 고객이 설정한 날짜에 1개월간 적립한 금액이 월swing입금계좌로 자동 입금되는 서비스입니다.   입금된 자금은 적금/펀드에 저축하거나 결제자금으로 활용할 수 있습니다,신한은행,0.0,0.0,0.0,0.0,0.0,0.0,0.0,100.0,,,,,,,,0,0,0,0,0,0,0,0,0,,
신한 s more 포인트통장,개인부분,"이 예금의 입금은 (신한카드사의 s more카드 결제실적에 따른 적립 포인트, 신한금융투자의 fna포인트 리워드제도에 따른 적립포인트, 신한라이프의 s more vip저축보험의 방카포인트, 신한bnpp s more증권 자투자신탁의 펀드포인트, 인터넷뱅킹 신규시 1원이상 100원 이하의 고객현금)에 한합니다.  본 통장의 적립된 포인트에 우대이율을 적용합니다. 카드결제실적, fna거래실적, 방카실적 중 1건 이상이 있는 경우 연4.0%적용 (카드결제계좌가 타행인 경우 연1.0%적용), (2021.06.02 현재, 세전)",신한은행,0.0,0.0,50.0,0.0,0.0,0.0,0.0,50.0,,,,,,,,0,0,0,0,0,0,0,0,0,,
신한 주거래 soho사업자통장 (저축예금),개인사업자,개인사업자도 청년창업자도 금융의 웃음꽃을 키워드립니다.!   개인전자금융 이체수수료도 면제! 기업전자금융 이체수수료도 면제!,신한은행,50.0,0.0,0.0,0.0,0.0,0.0,0.0,50.0,,,,,,,,0,0,0,0,0,0,0,0,0,,
신한 청년 dream 통장,개인부분,서울시 청년구직활동 지원금 사업인 청년수당 지급용 입출금통장,신한은행,50.0,0.0,0.0,0.0,0.0,0.0,0.0,50.0,,,,,,,,0,0,0,0,0,0,0,0,0,,
신한 my 주니어 통장,개인부분,만18세 이하 고객이 조건을 충족할 경우 수수료를 우대해주는 youth고객 전용 입출금 통장,신한은행,0.0,0.0,0.0,0.0,0.0,0.0,0.0,100.0,,,,,,,,0,0,0,0,0,0,0,0,0,,
수퍼저축예금,"개인부분,기타임의단체(대표자주민등록번호)","단 하루만 맡기셔도 최고 이자를 드리는 입출금자유상품자동이체,공과금이체,카드대금자동납부도 가능매일의 잔액에대해 이자를 계산하여 매월 이자 지급",신한은행,0.0,0.0,0.0,0.0,0.0,0.0,0.0,100.0,,,,,,,,0,0,0,0,0,0,0,0,0,,
신한 행복지킴이 통장,개인부분,"1) 보건복지부 기초생활수급자, 기초연금수급자, 장애인연금수급자, 장애수당수급자, 장애아동수당수급자, 한부모가족 복지급여 수급자,요양비등 보험급여수급자, 긴급지원금 수급자,어선원 보험의 보험급여 수급자, 특별현금급여비 수급자, 건설근로자 퇴직공제금, 아동수당 수급자, 소기업.소상공인공제 수급자, 보호종료아동 자립수당 수급자, 재난적의료비 수급자 전용통장으로 압류가 제한되는 입출금 통장 ! 2) 소액의 기초생활보장급여, 기초연금, 장애인급여 등의 입금만으로도 전자금융/자동화기기 수수료 우대 !",신한은행,2.506808615958293,0.0,27.57573765668461,15.39698766206272,0.0,0.0,4.520466065294373,49.99999999999999,,,,,,,,0,0,0,0,0,0,0,0,0,,
신한 호국보훈지킴이 통장,개인부분,"① 국가보훈처에서 지급하는 보훈급여금만 입금되는 통장으로, 수급권자의 수급권리를 보호하고 우대혜택을 제공하는 상품 ② 국가유공자등 예우 및 지원에 관한 법률 등 관련법에 근거하여 양도 및 압류할 수 없고, 입금 자원은 보훈급여금으로 한정되나 입금/출금간 건수 및 금액에는 제한이 없음",신한은행,0.0,0.0,0.0,0.0,0.0,0.0,0.0,100.0,,,,,,,,0,0,0,0,0,0,0,0,0,,
가계당좌예금,"개인부분,개인사업,기타임의단체(대표자주민등록번호),거주자",개인 혹은 소규모 상인들이 상거래상의 안전/편의를 위해 금전 출납을은행에 대행시키고자 그 지급자금을 예치하는 상품,신한은행,0.0,0.0,0.0,0.0,0.0,0.0,0.0,100.0,,,,,,,,0,0,0,0,0,0,0,0,0,,
신한 g1(지원) 금거래계좌,"기업부문,정부,금융기관,개인사업자,내국단체(고유번호부여자),내국단체[(구)납세번호부여자],투자조합","금 관련제품(금지금, 고금, 금스크랩)등을 매매하는 사업자라면 누구나 개설 금 관련제품의 매매대금의 결제와 부가가치세 납부를 원활히 지원하는 금거래전용계좌",신한은행,50.0,0.0,0.0,0.0,0.0,0.0,0.0,50.0,,,,,,,,0,0,0,0,0,0,0,0,0,,
신한 연구&사업비 우대통장(보통예금),"단체및조합,기업부문,정부,금융기관,개인사업자",정부기관 및 지자체에서 연구개발 보조금을 지원받는 기업고객의 편리한 은행거래를 위한 입출금 자유통장입니다.,신한은행,50.0,0.0,0.0,0.0,0.0,0.0,0.0,50.0,,,,,,,,0,0,0,0,0,0,0,0,0,,
부가가치세 매입자 납부계좌(신한스크랩거래계좌),"기업부문,정부,개인사업","스크랩(구리스크랩, 철스크랩)등을 매매하는 사업자라면 누구나 개설! 구리/철스크랩 매매대금의 결제와 부가가치세 납부를 원활히 지원하는 구리/철스크랩 거래 전용계좌",신한은행,50.0,0.0,0.0,0.0,0.0,0.0,0.0,50.0,,,,,,,,0,0,0,0,0,0,0,0,0,,
저축예금,실명의 개인,입출금이 자유로운 예금으로 예금잔액 범위내에서 수시 입출거래가 가능한 상품,신한은행,0.0,0.0,0.0,0.0,0.0,0.0,0.0,100.0,,,,,,,,0,0,0,0,0,0,0,0,0,,
신한 보조금 전용 통장,"개인부분,단체및조합,기업부문,정부,금융기관",서울시 및 산하구청으로부터 보조금 수령을 위한 전용통장,신한은행,0.0,0.0,0.0,0.0,0.0,0.0,0.0,100.0,,,,,,,,0,0,0,0,0,0,0,0,0,,
신한 희망지킴이 통장,개인부분,"산재보험급여금* 수급권자의 수급 권리를 보호하기 위한 산재급여금 압류방지 전용통장 * 산재보험급여금 : 근로복지공단에서 지급하는 요양급여, 휴업급여, 장해급여, 유족급여, 간병급여, 상병보상연금, 장의비, 직업재활급여, 진폐연금",신한은행,0.0,0.0,45.62051072879158,0.0,0.0,0.0,4.379489271208419,50.0,,,,,,,,0,0,0,0,0,0,0,0,0,,
당좌예금,법인 또는 사업자등록증 소지한 개인 중 영업점장이 인정하는 자,"상거래의 안전과 편리를 위해 은행과 거래처간의 당좌계정계약에 의하여 거래처가 발행한 어음,수표의 지급자금 출납사무를 은행이 대행하는 예금",신한은행,0.0,0.0,0.0,0.0,0.0,0.0,0.0,100.0,,,,,,,,0,0,0,0,0,0,0,0,0,,
국고예금,국가중앙관서 및 산하기관,‘국고금관리법’에 의거하여 정부관서가 운영경비를 예치 및 사용하기 위해 개설하는 예금,신한은행,0.0,0.0,0.0,0.0,0.0,0.0,0.0,100.0,,,,,,,,0,0,0,0,0,0,0,0,0,,
신한 임금채권 전용통장,개인부분,"근로복지공단에서 지급하는 체당금(대지급금)만 입금되도록 하며, 법원 압류명령 도달 시에도 임금채권보장법 등 관련법에 근거하여 압류가 되지 않아, 체당금(대지급금) 수급권자의 수급 권리를 보호하는 상품   ※체당금이란? 기업의 도산 등으로 인하여 퇴직한 근로자가 임금/휴업수당 및 퇴직금을 지급받지 못한 경우 정부(고용노동부)가 나중에 사업주로부터 변제받기로 하고 사업주를 대신하여 지급하는 금액",신한은행,21.55784973966948,0.0,0.0,0.0,0.0,0.0,28.44215026033052,50.0,,,,,,,,0,0,0,0,0,0,0,0,0,,
신한 보증서담보대출 입금전용계좌,"단체및조합,기업부문",공공 보증기관의 보증서 담보대출 실행 자금에 한하여 입금이 가능한 보증서담보대출 입금전용계좌,신한은행,0.0,0.0,0.0,0.0,0.0,0.0,0.0,100.0,,,,,,,,0,0,0,0,0,0,0,0,0,,
신한 창업진흥원 스타트업 통장,제한없음,창업진흥원으로부터 창업지원금 입금실적 발생시 금융수수료가 우대되는 상품,신한은행,0.0,0.0,0.0,0.0,0.0,0.0,0.0,100.0,,,,,,,,0,0,0,0,0,0,0,0,0,,
신한 my world 송금통장 저축예금,개인부분(비거주자 제외),외국인 근로자 및 유학생 송금 고객들을 위한 맞춤 송금 서비스   송금인 및 해외수취인 대상 무료 sms서비스 제공   외화송금수수료 및 환율 우대,신한은행,0.0,50.0,0.0,0.0,0.0,0.0,0.0,50.0,,,,,,,,0,0,0,0,0,0,0,0,0,,
씨티 레벨업통장,개인,"씨티은행에서 제공받는 자산관리서비스 등급이 높아질수록, 추가 우대금리도 올라가는 여유자금 파킹통장",씨티은행,0.0,0.0,0.0,0.0,0.0,0.0,0.0,100.0,,,,,,,,0,0,0,0,0,0,0,0,0,,
씨티클리어통장,개인,매월 자동이체 실적이 있으면 디지털뱅킹 및 국내은행 atm 인출 · 이체 수수료 면제,씨티은행,0.0,0.0,0.0,0.0,0.0,0.0,0.0,100.0,,,,,,,,0,0,0,0,0,0,0,0,0,,
씨티더하기통장,개인,최초 가입 시 최대 3개월 신규가입우대금리 제공 외화예금/펀드/신탁상품 실적에  따른 우대금리,씨티은행,0.0,0.0,0.0,0.0,0.0,0.0,0.0,100.0,,,,,,,,0,0,0,0,0,0,0,0,0,,
citi자산관리통장,개인,최초 가입 시 최대 3개월 신규가입우대금리 제공 거래실적이 많을수록 높아지는 금리,씨티은행,0.0,0.0,0.0,0.0,0.0,0.0,0.0,100.0,,,,,,,,0,0,0,0,0,0,0,0,0,,
참 착한 통장,개인,하루만 맡겨도 착한 금리가 착착 매일의 최종 잔액을 기준으로 잔액 구간별 금리 제공,씨티은행,0.0,0.0,0.0,0.0,0.0,0.0,0.0,100.0,,,,,,,,0,0,0,0,0,0,0,0,0,,
참 착한 플러스 통장,개인,여유자금을 효율적으로 운용할 수 있는 입출금이 자유로운 예금으로 투자자금의 예치 및 재테크 수단으로 활용할 수 있는 상품입니다.,씨티은행,0.0,0.0,0.0,0.0,0.0,0.0,0.0,100.0,,,,,,,,0,0,0,0,0,0,0,0,0,,
참 착한 기업 통장,개인사업자 또는 최근 연도 연 매출액 1백억원 이하의 법인,"참 착한 기업 통장은 법인과 개인사업자의 일시 여유 자금을 은행에 예치하여 수시로 입출금을 편리하게 이용할 수 있고, 매일의 최종 잔액에 따라서 높은 금리 혜택이 제공되는 상품입니다. 전월 평균잔고가 500만원 이상인 경우 수수료 면제 혜택을 제공하여 거래의 편의를 도모해 드립니다.",씨티은행,50.0,0.0,0.0,0.0,0.0,0.0,0.0,50.0,,,,,,,,0,0,0,0,0,0,0,0,0,,
보통예금,제한 없음,언제나 자유롭게 입출금 가능한 예금,씨티은행,0.0,0.0,0.0,0.0,0.0,0.0,0.0,100.0,,,,,,,,0,0,0,0,0,0,0,0,0,,
행복지킴이 통장,"이 예금의 가입대상은 다음 각 호에서 정하는 개인으로 합니다.                         「국민기초생활보장법」에서 정하는 기초생활수급자             「기초연금법」에서 정하는 기초(노령)연금 수급자             「장애인연금법」에서 정하는 장애인연금 수급자             「장애인복지법」에서 정하는 장애수당, 장애아동수당 수급자             「한부모가족지원법」에서 정하는 한부모가족 복지급여 수급자             「국민건강보험법」에서 정하는 요양비 등 보험급여 수급자             「긴급복지지원법」에서 정하는 긴급지원금 수급자             「어선원 및 어선재해보상보험법」에서 정하는 어선원보험의 보험급여 수급자             「노인장기요양보호법」에서 정하는 특별현금급여비 수급자             「건설근로자의 고용개선 등에 관한 법률」에서 정하는 건설 근로자 퇴직공제금 수급자             「석면피해구제법」에서 정하는 석면피해 구제급여 수급자             「아동수당법」에서 정하는 아동수당 수급자             「중소기업협동조합법」에서 정하는 노란우산공제금 수급자             「아동복지법」에서 정하는 보호종료아동 자립수당 수급자             「재난적의료비 지원에 관한 법률」에서 정하는 재난적의료비 지원금 수급자",기초 생활을 보장하기 위하여 타인에 의해 압류가 불가능하도록 하여 예금을 보호해 주는 상품,씨티은행,0.0,0.0,0.0,0.0,0.0,0.0,0.0,100.0,,,,,,,,0,0,0,0,0,0,0,0,0,,
참 편리한 자동해외송금 통장,해외체재자에게 송금하고자 하는 고객            유학생에게 송금하고자 하는 고객            국내소득등을 해외로 송금하고자 하는 외국인            증여성 송금 등 증빙서류 없이 해외송금하고자하는 고객            공무원 연금을 수령하시는 해외 거주자,"‘참 편리한 자동해외송금’은 ‘참 편리한 자동해외송금 통장’에 송금 하고자 하는 금액을 원화로 입금하면, 입금당일 자동으로 해외로 송금이 이루어지는 상품",씨티은행,0.0,0.0,0.0,0.0,0.0,0.0,0.0,100.0,,,,,,,,0,0,0,0,0,0,0,0,0,,공무원
첫급여 우리통장,만 18세 이상 만 35세 이하 실명의 개인 (1인 1계좌),새내기 직장인을 위한 우리은행의 특별한 통장  급여이체실적만으로 더 많은 혜택을!,우리은행,50.0,0.0,0.0,0.0,0.0,0.0,0.0,50.0,,,,,,만 18세 이상 만 35세 이하,"['18', '35']",18,35,0,1,1,0,0,0,0,,
위비 모바일 통장,실명의 개인 (1인 1계좌),위비앱만으로 금리와 수수료혜택 가득!!  위비뱅크 이용시 금리 및 수수료 우대혜택 제공,우리은행,0.0,0.0,0.0,0.0,0.0,0.0,0.0,100.0,,,,,,,,0,0,0,0,0,0,0,0,0,,
우리닷컴통장,인터넷뱅킹에 가입하신 실명의 개인 및 개인사업자,인터넷전용 입출식통장  우리닷컴통장은 통장실물을 사용하지 않는 인터넷 전용 통장~,우리은행,0.0,0.0,0.0,0.0,0.0,0.0,0.0,100.0,,,,,,,,0,0,0,0,0,0,0,0,0,,
우리직장인재테크통장(수수료우대형),실명의 개인(1인 1계좌),급여이체  급여이체를 하는 직장인들에게 수수료 면제 및 다양한 부가서비스 혜택 제공,우리은행,50.0,0.0,0.0,0.0,0.0,0.0,0.0,50.0,,,,,,,,0,0,0,0,0,0,0,0,0,,
우리아이행복통장,실명의 개인(1인1좌),우리 아이에게 핑크퐁과 아기상어 통장을 만들어 주세요!  우리아이의 저축습관! 핑크퐁과 아기상어 통장으로 길러주세요!,우리은행,0.0,0.0,0.0,50.0,0.0,0.0,0.0,50.0,,,,,,,,0,0,0,0,0,0,0,0,0,,
우리 super주거래 통장,실명의 개인(1인 1계좌),주거래통장 100% 활용하기!!  주거래 고객님을 위한 super 특별한 혜택!!,우리은행,0.0,0.0,0.0,0.0,0.0,0.0,0.0,100.0,,,,,,,,0,0,0,0,0,0,0,0,0,,
우리 으쓱(esg) 통장,실명의 개인(1인 1계좌),환경보호 및 사회적배려대상자를 위한 통장  종이통장 미발행 및 사회적 배려대상자 수수료 혜택!!,우리은행,0.0,0.0,0.0,0.0,0.0,0.0,0.0,100.0,,,,,,,,0,0,0,0,0,0,0,0,0,,
우리 임대보증금 보증료 납부통장(개인),개인 및 개인사업자,임대보증금 보증료 납부 통장  입출금이 자유로운 예금,우리은행,0.0,0.0,0.0,0.0,50.0,0.0,0.0,50.0,,,,,,,,0,0,0,0,0,0,0,0,0,,
우리 임대보증금 보증료 납부통장(개인사업자),"국가, 지방자치단체, 법인(비영리법인 포함), 고유번호를 부여받은 단체 등과 사업자등록증을 소지한 개인사업자",임대보증금 보증료 납부 통장  입출금이 자유로운 예금상품,우리은행,0.0,0.0,0.0,0.0,50.0,0.0,0.0,50.0,,,,,,,,0,0,0,0,0,0,0,0,0,,
우리 임금채권 전용통장,근로복지공단으로부터 체당금을 수령하는 실명의 개인 (1인 1계좌),임금채권 전용통장  근로복지공단으로부터 지급되는 체당금을 수급하며 압류가 방지되고 수수료면제 혜택을 제공하는 통장,우리은행,0.0,0.0,0.0,0.0,0.0,0.0,50.0,50.0,,,,,,,,0,0,0,0,0,0,0,0,0,,
우리 크리에이터 우대 통장,실명의 개인 및 개인사업자(1인 1계좌),타발송금수수료 면제 및 환율 80% 우대  유튜브 광고 수익 입금으로 더 많은 혜택을!,우리은행,0.0,0.0,0.0,0.0,0.0,0.0,0.0,100.0,,,,,,,,0,0,0,0,0,0,0,0,0,,
마이 won 포켓,실명의 개인(1인 1계좌),금액구간별 최대 연 1.0%  오픈뱅킹 서비스 이용 시 금액구간별  최대 연 1.0%를 제공하는 파킹통장,우리은행,0.0,0.0,0.0,0.0,0.0,0.0,0.0,100.0,,,,,,,,0,0,0,0,0,0,0,0,0,,
won 기업통장[금리형],사업자 등록증을 보유한 개인사업자 및 법인,최대 연 0.3% 금리 제공  기업고객(개인사업자 포함)  전용,우리은행,50.0,0.0,0.0,0.0,0.0,0.0,0.0,50.0,,,,,,,,0,0,0,0,0,0,0,0,0,,
won 기업통장[수수료형],사업자 등록증을 보유한 개인사업자 및 법인,수수료 혜택 제공  기업고객(개인사업자 포함) 전용,우리은행,50.0,0.0,0.0,0.0,0.0,0.0,0.0,50.0,,,,,,,,0,0,0,0,0,0,0,0,0,,
우리중견기업알파통장,중견기업 법인사업자 (1사 1계좌),중견기업  중견기업 거래실적 등에 따라 +&alha; 우대금리가 제공되는 입출식 통장,우리은행,50.0,0.0,0.0,0.0,0.0,0.0,0.0,50.0,,,,,,,,0,0,0,0,0,0,0,0,0,,
우리사장님e편한통장,사업자등록증을 소지한 개인사업자 ※ 1인 1계좌,가맹점 개인사업자를 위한 수수료 면제!!  가맹점매출대금 입금 시 수수료 면제 및 우대금리 제공,우리은행,50.0,0.0,0.0,0.0,0.0,0.0,0.0,50.0,,,,,,,,0,0,0,0,0,0,0,0,0,,
won 통장,실명의 개인,won했던 수수료 혜택  계좌 개설만으로도 수수료 면제 won하던 통장!,우리은행,0.0,0.0,0.0,0.0,0.0,0.0,0.0,100.0,,,,,,,,0,0,0,0,0,0,0,0,0,,
시니어플러스 우리통장(급여형),만 50세 이상 실명의 개인(1인 1계좌),시니어 급여고객을 위한 특화 입출금통장  급여소득 고객에게 차별화된 서비스 제공,우리은행,0.0,0.0,0.0,0.0,0.0,0.0,0.0,100.0,,,,,,만 50세 이상,['50'],50,0,0,0,0,0,1,1,1,,
우리cube통장,사업자 등록증을 보유한 중소기업 (법인 및 개인사업자),중소기업 전용통장  거래 할수록 추가되는 수수료 혜택!,우리은행,50.0,0.0,0.0,0.0,0.0,0.0,0.0,50.0,,,,,,,,0,0,0,0,0,0,0,0,0,,
우리 프렌즈 통장,만 18세 이하의 실명의 개인 (1인 1계좌),청소년들의 똑똑한 경제습관을 위한 상품!  청소년 전용 입출금이 자유로운 통장으로 우대조건 충족시 은행거래 수수료 면제 혜택 제공,우리은행,0.0,33.33333333333333,0.0,16.666666666666664,0.0,0.0,0.0,49.99999999999999,,,,,,만 18세 이하,['18'],18,0,1,0,0,0,0,0,0,,
스무살우리 통장,만 18세 이상 만 30세 이하 실명의 개인(1인 1계좌),입출금통장에 4가지 제휴혜택이!  만 18세 이상 만 30세 이하의 대학생 특화 전용 입출식 상품,우리은행,0.0,50.0,0.0,0.0,0.0,0.0,0.0,50.0,,,,,,만 18세 이상 만 30세 이하,"['18', '30']",18,30,0,1,0,0,0,0,0,,
woori g2b서비스 전용 통장,법인 및 개인사업자,"공공기관의 공사대금을 수령하는 원, 하도급자 대상의 전용 통장 상품",우리은행,0.0,0.0,0.0,0.0,0.0,0.0,0.0,100.0,,,,,,,,0,0,0,0,0,0,0,0,0,,
위비즈 편의점 꿀통장,"편의점 운영 개인사업자 (1인 1계좌, 「우리동네사장님통장」과 중복가입 불가)","편의점 개인사업자를 위한 수수료 면제 혜택!  편의점 운영 개인사업자분들께 금융수수료 기본면제(월 10회)  우대조건 충족시, 금융수수료 전액 면제!!   (인터넷/스마트/텔레뱅킹, 자동화기기 등)",우리은행,50.0,0.0,0.0,0.0,0.0,0.0,0.0,50.0,,,,,,,,0,0,0,0,0,0,0,0,0,,
우리 부가가치세 매입자 납부통장,"개인사업자 및 법인으로 조세특례제한법 시행령(이하 &ldquo;시행령&rdquo;이라 함)이 정하는  다음 각 호의 어느 하나에 해당하는 물품을 공급하거나 공급받으려는 사업자  (법인 및 사업자등록증을 소지한 개인사업자) 또는 수입하려는 사업자  1. 시행령으로 정하는 형태&middot;순도 등을 갖춘 지금  2. 시행령으로 정하는 형태&middot;순도 등을 갖춘 금제품  3. 시행령으로 정하는 금 관련 웨이스트와 스크랩  4. 「관세법」제84조에 따라 기획재정부 장관이 고시한 「관세&middot;통계통합품목분류표」  중 구리의 웨이스트 및 스크랩과 잉곳 또는 이와 유사한 재용해 구리의 웨이스  트와 스크랩으로부터 제조된 괴상의 주조물  5. 구리가 포함된 합금의 웨이스트 및 스크랩으로서 구리함유량이 100분의 40이상인 물품  6. 「관세법」제84조에 따라 기획재정부 장관이 고시한 「관세&middot;통계통합품목분류표」  중 철의 웨이스트와 스크랩, 철강의 재용해용 스크랩 잉곳 또는 그 밖에 이와유사한 것으로서 시행령으로 정하는 물품","금, 스크랩 사업자  조세특례제한법 제106조의 4, 제106조의 9에 따라 &ldquo;금 사업자&rdquo; 및&ldquo;스크랩 등 사업자&rdquo;의 매매대금의 결제와 부가가치세 납부 지원",우리은행,50.0,0.0,0.0,0.0,0.0,0.0,0.0,50.0,,,,,,,,0,0,0,0,0,0,0,0,0,,
호국보훈지킴이통장,"관련법에 의해 국가보훈처로부터 보훈급여금, 고엽제수당, 참전명예수당 등을 정기적으로 수령하는 실명의 개인(1인 1계좌)","보훈급여금 등의 수급자권리 보호를 위한 압류방지통장  국가보훈처에서 지급하는 보훈급여금, 고엽제수당, 참전명예수당 등의 수급권자의 권리를 보호하기 위한 압류방지 통장",우리은행,0.0,0.0,0.0,0.0,0.0,0.0,0.0,100.0,,,,,,,,0,0,0,0,0,0,0,0,0,,
우리삼성cma 보탬통장,실명의 개인 (1인 1계좌만 가입 가능),자유입출금의 편리함에 cma의 수익을 보태다!!  은행계좌의 편리함에 cma의 고수익을 더해 재테크에 보탬이 되는 상품,우리은행,0.0,0.0,0.0,0.0,0.0,0.0,0.0,100.0,,,,,,,,0,0,0,0,0,0,0,0,0,,
우리퇴직공제금지킴이통장,건설근로자공제회로부터 퇴직공제금을 수급하는 실명의 개인,압류방지  건설근로자공제회와 업무협약하여 일용직 건설근로자의 '퇴직공제금' 수급권 보호를 위한 압류방지통장!,우리은행,0.0,0.0,0.0,0.0,0.0,0.0,0.0,100.0,,,,,,,,0,0,0,0,0,0,0,0,0,,
온라인펀드통장,실명의 개인,온라인 펀드 통장  다양한 수수료혜택이 가득한 펀드슈퍼마켓 전용통장,우리은행,0.0,0.0,0.0,0.0,0.0,0.0,0.0,100.0,,,,,,,,0,0,0,0,0,0,0,0,0,,
우리 아파트관리비 통장,실명의 개인(1인 1계좌),아파트관리비  편리하게 매달 아파트관리비를 자동납부 할 수 있는 상품,우리은행,0.0,0.0,0.0,0.0,50.0,0.0,0.0,50.0,,,,,,,,0,0,0,0,0,0,0,0,0,,
우리동네 사장님 통장,사업자등록증을 소지한 개인사업자,가맹점 개인사업자를 위한 우대 혜택!!  신용카드 가맹점대금 입금계좌로 사용하고자 하는 사장님께 금리혜택 및 수수료 면제혜택 제공,우리은행,50.0,0.0,0.0,0.0,0.0,0.0,0.0,50.0,,,,,,,,0,0,0,0,0,0,0,0,0,,
우리학교사랑통장(학부모전용),실명의 개인,기부이체  자녀가 재학중인 고등학교 등록금 자동납부 및 우대이자를 기부자동이체하는 학부모 전용 통장,우리은행,0.0,34.32719564462075,0.0,15.672804355379252,0.0,0.0,0.0,50.0,,,,,,,,0,0,0,0,0,0,0,0,0,,
우리직장인재테크통장(금리우대형),실명의 개인(1인 1계좌),"급여이체  급여이체를 하는 직장인들에게 금리우대, 수수료 면제 혜택 제공",우리은행,50.0,0.0,0.0,0.0,0.0,0.0,0.0,50.0,,,,,,,,0,0,0,0,0,0,0,0,0,,
우리실업급여지킴이통장,고용노동부로부터 실업(구직)급여를 받는 개인,"압류방지  고용노동부로부터 지급되는 실업(구직)급여만 입금가능한 통장으로, 본 통장에 대해서는 압류가 되지 않음",우리은행,0.0,0.0,0.0,0.0,0.0,0.0,0.0,100.0,,,,,,,,0,0,0,0,0,0,0,0,0,,
우리희망지킴이통장,실명의 개인으로 근로복지공단으로부터 산재보상금을 수령하는 개인,희망지킴이  근로복지공단에서 지급되는 산재보상금 수급 전용 압류방지 전용통장,우리은행,0.0,0.0,26.893054895253176,0.0,0.0,0.0,23.106945104746824,50.0,,,,,,,,0,0,0,0,0,0,0,0,0,,
우리사랑나누미통장,실명의 개인,사랑을 나누세요  우대금리를 기부하는 착한통장,우리은행,0.0,0.0,0.0,0.0,0.0,0.0,0.0,100.0,,,,,,,,0,0,0,0,0,0,0,0,0,,
우리동네 어린이집 통장,신용카드 가맹점인 사업자,어린이집 가맹점통장  [기업자유예금 전환가능]아이사랑카드/아이행복카드/우리국민행복카드 가맹점 결제계좌 등록시 우대혜택을 제공하는 입출금이 자유로운 예금,우리은행,24.65998168929459,0.0,0.0,25.34001831070541,0.0,0.0,0.0,50.0,,,,,,,,0,0,0,0,0,0,0,0,0,,
우리행복지킴이통장,"실명의 개인으로서 기초생활수급자, 기초노령연금수급자, 장애인연금 수급자, 장애수당, 장애(아동)수당, 요양비 등 수급자, 긴급복지지원제도 수급자, 어선원보험급여 수급자, 특별현금급여 수급자, 아동수당 수급자, 소기업&middot;소상공인 공제금, 자립수당수급자, 재난적의료비 지원에 관한 법률에서 정하는 지원금액 수급자","행복지킴이  정부에서 지원하는 기초생활보장급여, 기초연금, 장애인연금, 장애(아동)수당, 한부모가족지원급여, 요양비, 긴급복지지원금, 어선원보험급여, 특별현금급여, 아동수당, 소기업&middot;소상공인 공제금, 자립수당, 재난적의료비 지원금이 압류되지 않는 압류방지 통장",우리은행,4.122627727466631,0.0,15.116763727006047,25.321457669721628,0.0,0.0,5.439150875805699,50.0,,,,,,,,0,0,0,0,0,0,0,0,0,,
우리카드결제통장,개인 및 개인사업자,카드결제  우리카드사 신용카드 이용고객을 위한 통장,우리은행,0.0,0.0,0.0,0.0,0.0,0.0,0.0,100.0,,,,,,,,0,0,0,0,0,0,0,0,0,,
고단백 mmda,개인 및 비영리법인(공공기관 제외),"입출금자유 高금리  수시 입출금이 가능하고 결제계좌(공과금, 카드, 자동이체금액 등) 기능은 물론, 잔액이 크면 클수록 높은 금리를 드리며, 100일 초과시엔 더 높은 금리로 입금시점부터 이자를 계산해서 드리는 예금입니다.",우리은행,0.0,0.0,0.0,0.0,0.0,0.0,0.0,100.0,,,,,,,,0,0,0,0,0,0,0,0,0,,
기업자유예금,"국가, 지방자치단체, 법인(비영리법인 포함), 고유번호를 부여받은 단체 등과 사업자등록증을 소지한 개인사업자",기업전용  선입선출방식의 입출금이 자유로운 예금상품,우리은행,50.0,0.0,0.0,0.0,0.0,0.0,0.0,50.0,,,,,,,,0,0,0,0,0,0,0,0,0,,
저축예금,개인 및 개인사업자,저축예금  입출금이 자유로운 예금,우리은행,0.0,0.0,0.0,0.0,0.0,0.0,0.0,100.0,,,,,,,,0,0,0,0,0,0,0,0,0,,
기업mmda,"국가, 지방자치단체, 법인(비영리법인 포함), 고유번호를 부여받은 단체 등과 사업자등록증을 소지한 개인사업자",기업전용  수시로 입출금이 가능하고 잔액이 크면 클수록 더 높은 금리를 드리는 예금,우리은행,50.0,0.0,0.0,0.0,0.0,0.0,0.0,50.0,,,,,,,,0,0,0,0,0,0,0,0,0,,
개인mmda,개인 및 개인사업자,"입출금자유 高금리  수시로 입출금이 가능하고 잔액이 크면 클수록 더 높은 금리를 드리는 예금입니다. 매월 결산으로 월복리 효과는 물론, 공과금 및 각종 자동이체, 신용카드 결제의 혜택을 누리실 수 있습니다.",우리은행,0.0,0.0,0.0,0.0,0.0,0.0,0.0,100.0,,,,,,,,0,0,0,0,0,0,0,0,0,,
보통예금,제한없음,보통예금  입출금이 자유로운 예금,우리은행,0.0,0.0,0.0,0.0,0.0,0.0,0.0,100.0,,,,,,,,0,0,0,0,0,0,0,0,0,,
건설하나로 통장,다음 각 호에서 정하는 실명의 개인 또는 개인사업자 (1인 1계좌) 1. 건설근로자공제회에서 발급한 건설근로자공제회 회원임을 확인 할 수 있는 서류 제시자 (서류 예시 : 퇴직공제금적립내역서) 2. 건설업 기초안전보건교육이수증 소지자 3. 건설업 취업인정증 소지자 4. e 9 비자 소지한 건설업 종사 외국인 5. 건설근로자공제회에서 발급한 기능향상지원사업 훈련 수강 확인증 소지자 ※ 각 가입대상별 자격확인 증빙서류 제출 후 가입 가능,"건설근로자를 위한 금융혜택 제공(건설근로자공제회 협약, 기관영업부)",하나은행,0.0,0.0,0.0,0.0,0.0,0.0,0.0,100.0,,,,,,,,0,0,0,0,0,0,0,0,0,,
건설하나로 통장,다음 각 호에서 정하는 실명의 개인 또는 개인사업자 (1인 1계좌) 1. 건설근로자공제회에서 발급한 건설근로자공제회 회원임을 확인 할 수 있는 서류 제시자 (서류 예시 : 퇴직공제금적립내역서) 2. 건설업 기초안전보건교육이수증 소지자 3. 건설업 취업인정증 소지자 4. e 9 비자 소지한 건설업 종사 외국인 5. 건설근로자공제회에서 발급한 기능향상지원사업 훈련 수강 확인증 소지자 ※ 각 가입대상별 자격확인 증빙서류 제출 후 가입 가능,"건설근로자를 위한 금융혜택 제공(건설근로자공제회 협약, 기관영업부)",하나은행,0.0,0.0,0.0,0.0,0.0,0.0,0.0,100.0,,,,,,,,0,0,0,0,0,0,0,0,0,,
급여하나 통장,실명의 개인 또는 개인사업자 (1인 1계좌),직장인을 위한 수수료우대 혜택과 만35세이하 청년직장인에게 특별 우대금리가 제공되는 월급통장,하나은행,50.0,0.0,0.0,0.0,0.0,0.0,0.0,50.0,,,,,,,,0,0,0,0,0,0,0,0,0,,
급여하나 통장,실명의 개인 또는 개인사업자 (1인 1계좌),직장인을 위한 수수료우대 혜택과 만35세이하 청년직장인에게 특별 우대금리가 제공되는 월급통장,하나은행,50.0,0.0,0.0,0.0,0.0,0.0,0.0,50.0,,,,,,,,0,0,0,0,0,0,0,0,0,,
기업자유예금,법인 및 개인사업자,기업의 일시여유자금 운용에 적합한 수시 입출금 예금,하나은행,50.0,0.0,0.0,0.0,0.0,0.0,0.0,50.0,,,,,,,,0,0,0,0,0,0,0,0,0,,
모임통장,실명의 개인 또는 개인사업자,인터넷뱅킹을 통한 간편한 모임관리 서비스,하나은행,0.0,0.0,0.0,0.0,0.0,0.0,0.0,100.0,,,,,,,,0,0,0,0,0,0,0,0,0,,
보통예금,제한없음,"가입대상 및 예치한도 제한이 없는 수시 입출금 에금기존 보통예금을 e 플러스 통장으로 전환하실 수 있습니다.     (단, 법인은 전환불가하며 e 플러스 통장으로 전환하실 경우 기존 통장은 사용하실 수 없습니다.)",하나은행,50.0,0.0,0.0,0.0,0.0,0.0,0.0,50.0,,,,,,,,0,0,0,0,0,0,0,0,0,,
빅팟(big pot) 통장,실명의 개인 또는 개인사업자(1인 1계좌),,하나은행,0.0,0.0,0.0,0.0,0.0,0.0,0.0,100.0,,,,,,,,0,0,0,0,0,0,0,0,0,,
사업자 주거래 우대통장,실명의 개인사업자 및 고유(납세)번호를 부여 받은 임의단체(1인 1계좌)※ 고유(납세)번호를 부여 받은 임의단체는 보통예금으로만 가입 가능,,하나은행,0.0,0.0,0.0,0.0,0.0,0.0,0.0,100.0,,,,,,,,0,0,0,0,0,0,0,0,0,,
수퍼플러스,제한없음,목돈을 1개월 미만의 기간으로 운용하실 때에도 적당한 상품입니다.,하나은행,0.0,0.0,0.0,0.0,0.0,0.0,0.0,100.0,,,,,,,,0,0,0,0,0,0,0,0,0,,
수퍼플러스,제한없음,목돈을 1개월 미만의 기간으로 운용하실 때에도 적당한 상품입니다.,하나은행,0.0,0.0,0.0,0.0,0.0,0.0,0.0,100.0,,,,,,,,0,0,0,0,0,0,0,0,0,,
수퍼플러스,제한없음,목돈을 1개월 미만의 기간으로 운용하실 때에도 적당한 상품입니다.,하나은행,0.0,0.0,0.0,0.0,0.0,0.0,0.0,100.0,,,,,,,,0,0,0,0,0,0,0,0,0,,
수퍼플러스,제한없음,목돈을 1개월 미만의 기간으로 운용하실 때에도 적당한 상품입니다.,하나은행,0.0,0.0,0.0,0.0,0.0,0.0,0.0,100.0,,,,,,,,0,0,0,0,0,0,0,0,0,,
수퍼플러스,제한없음,목돈을 1개월 미만의 기간으로 운용하실 때에도 적당한 상품입니다.,하나은행,0.0,0.0,0.0,0.0,0.0,0.0,0.0,100.0,,,,,,,,0,0,0,0,0,0,0,0,0,,
수퍼플러스,제한없음,목돈을 1개월 미만의 기간으로 운용하실 때에도 적당한 상품입니다.,하나은행,0.0,0.0,0.0,0.0,0.0,0.0,0.0,100.0,,,,,,,,0,0,0,0,0,0,0,0,0,,
영하나플러스 통장,만 30세 이하 실명의 개인 및 개인사업자 (1인 1계좌),다양한 수수료 우대서비스를 제공하는 youth고객 전용통장,하나은행,0.0,0.0,0.0,0.0,0.0,0.0,0.0,100.0,,,,,,만 30세 이하,['30'],30,0,1,1,0,0,0,0,0,,
저축예금,실명의 개인(개인사업자 포함),"개인(개인사업자 포함)이 가입할 수 있는 수시 입출금 예금기존 저축예금을 e 플러스 통장으로 전환하실 수 있습니다.     (단, 법인은 전환불가하며 e 플러스 통장으로 전환하실 경우 기존 통장은 사용하실 수 없습니다.)",하나은행,50.0,0.0,0.0,0.0,0.0,0.0,0.0,50.0,,,,,,,,0,0,0,0,0,0,0,0,0,,
저축예금,실명의 개인(개인사업자 포함),"개인(개인사업자 포함)이 가입할 수 있는 수시 입출금 예금기존 저축예금을 e 플러스 통장으로 전환하실 수 있습니다.     (단, 법인은 전환불가하며 e 플러스 통장으로 전환하실 경우 기존 통장은 사용하실 수 없습니다.)",하나은행,50.0,0.0,0.0,0.0,0.0,0.0,0.0,50.0,,,,,,,,0,0,0,0,0,0,0,0,0,,
주거래하나 통장,실명의 개인 또는 개인사업자 (1인 1계좌),"급여(연금) 실적이 없어도, 카드대금, 공과금 실적, 청약통장 저축 등으로 수수료를 아낄 수 있는 통장",하나은행,0.0,0.0,0.0,0.0,50.0,0.0,0.0,50.0,,,,,,,,0,0,0,0,0,0,0,0,0,,
하나 퇴직공제금 지킴이 통장,실명의 개인 또는 개인사업자로 건설근로자공제회로부터 퇴직공제금을 수급하는 개인(1인 1계좌만 가능),건설근로자가 퇴직시 건설근로자공제회에서 지급받는 퇴직공제금의 수급권리를 보호하기 위한 압류방지 전용통장,하나은행,0.0,0.0,0.0,0.0,0.0,0.0,0.0,100.0,,,,,,,,0,0,0,0,0,0,0,0,0,,
하나 플러스 통장,인터넷뱅킹에 가입한 개인고객,우대금리1원만 맡겨도 연0.1%(세전) 우대금리수수료 면제100번을 이체해도 전자금융 이체수수료 무료!환율 우대환전/송금 시 30% 수수료 우대,하나은행,0.0,0.0,0.0,0.0,0.0,0.0,0.0,100.0,,,,,,,,0,0,0,0,0,0,0,0,0,,
하나 행복지킴이 통장,"실명의 개인 또는 개인사업자로 다음 각각에 해당하는 손님을 대상으로 함.(1) 『국민기초생활보장법』에서 정하는 기초생활수급자(2) 『기초연금법』에서 정하는 기초연금수급자(3) 『장애인연금법』에서 정하는 장애인연금수급자(4) 『장애인복지법』에서 정하는 장애수당, 장애아동수당 수급자(5) 『한부모가족지원법』에서 정하는 복지급여 수급자(6) 『국민건강보험법』에서 정하는 요양비 등의 수급자, 『노인장기요양보험법』에서 정하는 특별현금급여비 수급자, 『재난적의료비지원에 관한 법률』에서 정하는 지원금액 수급자(7) 『긴급복지지원법』에서 정하는 긴급지원금 등의 수급자(8) 『아동수당법』에서 정하는 아동수당 수급자(9) 『중소기업협동조합법』에서 정하는 노란우산공제금수급자(10)『아동복지법』에서 정하는 자립수당 수급자",,하나은행,0.0,0.0,0.0,0.0,0.0,0.0,0.0,100.0,,,,,,,,0,0,0,0,0,0,0,0,0,,
하나 행복지킴이 통장,"실명의 개인 또는 개인사업자로 다음 각각에 해당하는 손님을 대상으로 함.(1) 『국민기초생활보장법』에서 정하는 기초생활수급자(2) 『기초연금법』에서 정하는 기초연금수급자(3) 『장애인연금법』에서 정하는 장애인연금수급자(4) 『장애인복지법』에서 정하는 장애수당, 장애아동수당 수급자(5) 『한부모가족지원법』에서 정하는 복지급여 수급자(6) 『국민건강보험법』에서 정하는 요양비 등의 수급자, 『노인장기요양보험법』에서 정하는 특별현금급여비 수급자, 『재난적의료비지원에 관한 법률』에서 정하는 지원금액 수급자(7) 『긴급복지지원법』에서 정하는 긴급지원금 등의 수급자(8) 『아동수당법』에서 정하는 아동수당 수급자(9) 『중소기업협동조합법』에서 정하는 노란우산공제금수급자(10)『아동복지법』에서 정하는 자립수당 수급자",,하나은행,0.0,0.0,0.0,0.0,0.0,0.0,0.0,100.0,,,,,,,,0,0,0,0,0,0,0,0,0,,
하나 희망지킴이 통장,실명의 개인 또는 개인사업자로 산업재해보험급여(이하 “보험급여”)를 수령하는 고객 (1인 1계좌),산업재해보험급여가 생활비로 사용될 수 있도록 수급자의 기본적인 보험수급 권리를 보호하기 위한 압류방지 전용통장,하나은행,0.0,0.0,40.13183592587127,0.0,0.0,0.0,9.868164074128734,50.0,,,,,,,,0,0,0,0,0,0,0,0,0,,
하도급협력대금 통장,법인 및 사업자등록증을 소지한 개인사업자,하도급 관리시스템을 통한 자금의 관리를 통해 하도급사의 대금을 안정적으로 지급할 수 있는 상품,하나은행,0.0,0.0,0.0,0.0,0.0,0.0,0.0,100.0,,,,,,,,0,0,0,0,0,0,0,0,0,,
함께하는 사랑 통장,실명의 개인(개인사업자 포함) 또는 법인(1인 1계좌),,하나은행,0.0,0.0,0.0,0.0,0.0,0.0,0.0,100.0,,,,,,,,0,0,0,0,0,0,0,0,0,,
행복나눔 통장,실명의 개인(개인사업자 포함) 또는 법인(1인 1계좌),단체에 소속된 회원의 거래실적에 따라 지정 단체에 후원금을 드립니다.,하나은행,0.0,0.0,0.0,0.0,0.0,0.0,0.0,100.0,,,,,,,,0,0,0,0,0,0,0,0,0,,
easy one pack(이지원 팩) 통장,실명의 외국인 개인 또는 외국인 개인사업자,외국인 전용 입출금통장카드실적이나 급여이체 및 적금이체 실적에 따라 각종 금융수수료 면제,하나은행,0.0,0.0,0.0,0.0,0.0,0.0,0.0,100.0,,,,,,,,0,0,0,0,0,0,0,0,0,,
kb주택연금지킴이통장                                                                                new,실명의 개인으로 한국주택금융공사의 주택담보노후연금(주택연금)을 수령하는 고객(1인1계좌)※ “주택연금 전용계좌 이용대상 확인서” 제출 후 가입 가능,,kb국민은행,0.0,0.0,0.0,0.0,0.0,0.0,0.0,100.0,,,,,,,,0,0,0,0,0,0,0,0,0,,
kb군인연금평생안심통장,실명의 개인으로 군인연금을 수령하는 고객(1인1계좌),,kb국민은행,0.0,0.0,0.0,0.0,0.0,0.0,0.0,100.0,,,,,,,,0,0,0,0,0,0,0,0,0,M,군인
kb공무원연금평생안심통장,실명의 개인으로 공무원연금을 수령하는 고객(1인1계좌),,kb국민은행,0.0,0.0,0.0,0.0,0.0,0.0,0.0,100.0,,,,,,,,0,0,0,0,0,0,0,0,0,,공무원
kb골든라이프연금우대통장,실명의 개인(1인 1계좌) ※ 관련서류 미제출 임의단체 포함,,kb국민은행,0.0,0.0,0.0,0.0,0.0,0.0,0.0,100.0,,,,,,,,0,0,0,0,0,0,0,0,0,,
kb사학연금평생안심통장,실명의 개인으로 사립학교교직원연금을 수령하는 고객(1인 1계좌),,kb국민은행,0.0,0.0,0.0,0.0,0.0,0.0,0.0,100.0,,,,,,,,0,0,0,0,0,0,0,0,0,,
kb국민연금安心통장,실명의 개인으로 국민연금을 수급하는 고객(1인 1계좌),,kb국민은행,0.0,0.0,0.0,0.0,0.0,0.0,0.0,100.0,,,,,,,,0,0,0,0,0,0,0,0,0,,
kdb 국민연금 안심(安心)통장,국민연금을 수령하는 실명의 개인,"국민연금 수급전용 압류방지 통장  ▪ 국민연금 수급권자의 기본적인 연금수급 권리를 보호하기 위한 수급금 입금전용 압류방지 통장  ▪ 수급권자의 채무불이행에 의한 예금 압류시에도 국민연금법 제54조의2, 제58조, 동법 시행령 제44조, 민사집행법 시행령 제2조 등 관련 법령에 따라 수급권자를 보호하기 위해 예금압류의 효력을 원천 배제",kdb산업은행,0.0,0.0,0.0,0.0,0.0,0.0,0.0,100.0,압류방지 전용,,0.0,,,,,0,0,0,0,0,0,0,0,0,,
nh농지연금지킴이 통장,"「농지관리기금법」에서 정하는 농지연금 수급자(개인, 1인 1계좌)","법령에 따라 압류가 금지되는 수급금 등의 압류방지 전용통장, 법령에 따라 압류가 금지되는 수급금 등의 압류방지 전용통장",nh농협은행,0.0,0.0,0.0,0.0,0.0,0.0,0.0,100.0,최초 신규 시 “0”원 신규만 가능하며 예치잔액은 한도제한이 없음,,0.1,"0.20 (일별 잔액 100만원 이하 금액에 적용하며, 기본금리 포함 금리적용)",연 0.30 %,,,0,0,0,0,0,0,0,0,0,,
nh공무원연금 평생안심통장,공무원연금을 수령하는 실명의 개인 (1인 1계좌),"공무원연금 수급권자의 수급권을 보호하는 압류방지전용통장, 공무원연금 수급권자의 수급권을 보호하는 압류방지전용통장",nh농협은행,0.0,0.0,0.0,0.0,0.0,0.0,0.0,100.0,최초 신규 시 “0”원 신규만 가능하며 예치잔액은 한도제한이 없음,,0.1,0.20% (일별 잔액 100만원 이하 금액에 적용),연 0.30 %,,,0,0,0,0,0,0,0,0,0,,공무원
nh농협 국민연금안심통장,국민연금을 수령하는 실명의 개인 (1인 1계좌),"국민연금 수급권을 보호하는 압류방지전용통장, 국민연금수급권자의 수급권을 보호하는 압류방지전용통장",nh농협은행,0.0,0.0,0.0,0.0,0.0,0.0,0.0,100.0,최초 신규 시 “0”원 신규만 가능하며 예치잔액은 한도제한이 없음,,0.1,0.20% (일별 잔액 100만원 이하 금액에 적용),연 0.30 %,,,0,0,0,0,0,0,0,0,0,,
nh주택연금 지킴이 통장,「한국주택금융공사법」에서 정하는 주택연금 수급자,"주택연금 수급권자의 수급권을 보호하는 압류방지전용통장, 법령에 따라 압류가 금지되는 수급금 등의 압류방지 전용통장",nh농협은행,0.0,0.0,0.0,0.0,0.0,0.0,0.0,100.0,최초 신규 시 “0”원 신규만 가능하며 예치잔액은 한도제한이 없음,,0.1,"0.20(일별 잔액 100만원 이하 금액에 적용하며, 기본금리 포함 금리적용)","(2021.10.29 기준, 세전                        )",,,0,0,0,0,0,0,0,0,0,,
nh군인연금 평생안심통장,군인연금을 수령하는 실명의 개인(1인 1계좌),"군인연금 수급권자의 수급권을 보호하는 압류방지전용통장, 군인연금 수급권자의 수급권을 보호하는 압류방지 전용통장",nh농협은행,0.0,0.0,0.0,0.0,0.0,0.0,0.0,100.0,최초 신규 시 “0”원 신규만 가능하며 예치잔액은 한도제한이 없음,,0.1,"0.20(일별 잔액 100만원 이하 금액에 적용하며, 기본금리 포함 금리적용)","(2021.10.29 기준, 세전                                                                                                                                                                                  )",,,0,0,0,0,0,0,0,0,0,M,군인
sc국민연금안심통장,,"국민연금, sc국민연금안심통장으로 더 안전하게 보호하세요.",sc제일은행,0.0,0.0,0.0,0.0,0.0,0.0,0.0,100.0,,,,,,,,0,0,0,0,0,0,0,0,0,,
ibk주택연금지킴이통장,한국주택금융공사법에서 정하는 주택담보노후연금을 수령하는 실명의 개인으로 가입대상 제한 1인 1계좌,,기업은행,0.0,0.0,0.0,0.0,0.0,0.0,0.0,100.0,,none,0.1,,,,,0,0,0,0,0,0,0,0,0,,
ibk 군인연금평생안심통장,군인연금을 수령하는 실명의 개인 (1인 1계좌),,기업은행,0.0,0.0,0.0,0.0,0.0,0.0,0.0,100.0,,"5,000만원미만",0.1,"5,000만원이상",0.15,,,0,0,0,0,0,0,0,0,0,M,군인
ibk국민연금안심통장,국민연금 수령자만 가입 가능.,,기업은행,0.0,0.0,0.0,0.0,0.0,0.0,0.0,100.0,,none,,,0.10,,,0,0,0,0,0,0,0,0,0,,
국민연금 安心통장,개인부분,국민연금을 수령하는 개인고객의 연금수급전용계좌로 국민연금만 입금되도록 하여 법원 압류명령 도달시에도 수급권자 보호조항 법취지를 근거로 압류가 되지 않도록 설계한 고객지향적 상품,신한은행,0.0,0.0,0.0,0.0,0.0,0.0,0.0,100.0,제한없음,,,,,,,0,0,0,0,0,0,0,0,0,,
신한 공무원연금 평생안심통장,개인부분,① 공무원연금 수급자의 연금수급 권리를 보호하기 위한 공무원연금 전용통장 ② 수급권자의 채무 불이행에 의한 예금 압류시에도 「공무원연금법」 제39조 제2항 등 관련법에 따라 수급권자를 보호하기 위해 예금압류의 효력을 배제,신한은행,0.0,0.0,0.0,0.0,0.0,0.0,0.0,100.0,제한없음,,,,,,,0,0,0,0,0,0,0,0,0,,
신한 군인연금 평생안심통장,개인부분,국군재정관리단에서 지급하는 군인연금(입금건별 185만원 이내)만 입금 가능한 전용통장,신한은행,0.0,0.0,0.0,0.0,0.0,0.0,0.0,100.0,제한없음,,,,,,,0,0,0,0,0,0,0,0,0,,
신한 주택연금 지킴이 통장,개인부분,"신한은행에서 취급한 가계여신(주택연금 역모기지론)을 통해 지급받는 주택연금만 입금되도록 하며,법원 압류명령 도달 시에도 한국주택금융공사법 등 관련법에 근거하여 압류가 되지 않아, 주택연금 수급권자의 수급 권리를 보호하는 상품",신한은행,0.0,0.0,0.0,0.0,0.0,0.0,0.0,100.0,제한없음,,,,,,,0,0,0,0,0,0,0,0,0,,
씨티 국민연금안심통장,개인,국민연금 수급자로서 급여를 받는 분의 기초 생활을 보장하기 위하여 타인에 의해 압류가 불가능 하도록 하여 예금을 보호해 주는 상품입니다.,씨티은행,0.0,0.0,0.0,0.0,0.0,0.0,0.0,100.0,,,,,,,,0,0,0,0,0,0,0,0,0,,
우리 웰리치100 연금통장,실명의 개인(1인 1계좌),4대연금 및 보훈연금 수급자 통장  은퇴 후 시작하는 인생의 2막을 위해!,우리은행,0.0,0.0,0.0,0.0,0.0,0.0,0.0,100.0,제한없음,,0.1,,"전월 상품 우대조건 충족 시 전월 결산일부터 이번 달 결산일 전일까지 기간동안 매일 최종잔액 중 100만원 이하 금액에 대하여 우대금리 제공  ① 잔액이 100만원 이하인 경우 : 연 0.5%   [예시] 우대조건 충족 시 이율 적용 예시로, 실제 이자금액은 보유기간에 따라 달라질 수 있습니다.  ② 잔액이 40만원인 경우 : 40만원 × 연 0.5%   ③ 잔액이 80만원인 경우 : 80만원 × 연 0.5%   ④ 잔액이 120만원인 경우 : (100만원 × 연 0.5%) + (20만원× 연 0.1%)    ※ 우대금리 적용 시 기본금리는 적용되지 않습니다.",,,0,0,0,0,0,0,0,0,0,,
우리 주택연금 지킴이 통장,한국주택금융공사에서 주택담보노후연금을 수령하는 실명의 개인(1인 1계좌),우리 주택연금 전용통장  주택연금 월지급금(건별 185만원까지)의 압류 방지 통장,우리은행,0.0,0.0,0.0,0.0,0.0,0.0,0.0,100.0,해당없음,,0.1,,해당사항 없음,,,0,0,0,0,0,0,0,0,0,,
우리 군인연금 평생안심통장(압류방지),실명의 개인으로 군인연금을 수령하는 실명의 개인 (1인 1계좌),"군인연금 압류방지 전용통장  국군재정관리단에서 지급되는 연금금액 중 185만원 까지 압류가 방지되며, 연금수령이 있는 경우 수수료면제 혜택을 제공하는 통장",우리은행,0.0,0.0,0.0,0.0,0.0,0.0,0.0,100.0,해당없음,,0.1,,해당사항 없음,,,0,0,0,0,0,0,0,0,0,M,군인
시니어플러스 우리통장(연금형),만 50세 이상 실명의 개인(1인 1계좌),시니어 연금수급고객을 위한 특화 입출금통장  연금수급 고객에게 차별화된 서비스 제공,우리은행,0.0,0.0,0.0,0.0,0.0,0.0,0.0,100.0,제한없음,,0.1,,우대이자율 제공조건    우대이자율 적용기준        연금이체 실적인정 기준 충족 시    1백만원 이하 연 1.4%       ※ 전월 우대 조건 충족 시 전월 결산일부터 이번달 결산일 전일까지의 기간동안 매일 최종 잔액에 대해 구간별 우대 적용,만 50세 이상,['50'],50,0,0,0,0,0,1,1,1,,
우리 공무원연금 평생안심통장,실명의 개인으로 공무원연금을 수령하는 고객 (1인 1계좌),"공무원연금 압류방지 전용통장  공무원연금공단에서 지급되는 연금금액 중 185만원까지 압류가 방지되며, 연금수령 실적이 있는 경우 혜택을 제공하는 통장",우리은행,0.0,0.0,0.0,0.0,0.0,0.0,0.0,100.0,해당없음,,0.1,,해당사항 없음,,,0,0,0,0,0,0,0,0,0,,공무원
국민연금안심통장,국민연금공단으로 부터 국민연금을 수급하는 개인 (1인 1계좌),국민연금 안심통장  본 통장은 법원의 압류결정통지에 대하여 원천적으로 압류가 방지됩니다.,우리은행,0.0,0.0,0.0,0.0,0.0,0.0,0.0,100.0,제한없음,,0.1,,해당사항 없음,,,0,0,0,0,0,0,0,0,0,,
해피라이프 퇴직연금 평생통장,우리은행 퇴직연금신탁 수익자로 가입된 개인(1인 1통장),노후 준비   퇴직연금 가입자만을 위한 평생서비스,우리은행,0.0,0.0,0.0,0.0,0.0,0.0,0.0,100.0,제한없음,,0.2,,없음,,,0,0,0,0,0,0,0,0,0,,
연금하나 통장,실명의 개인 또는 개인사업자 (1인 1계좌),연금 입금시 우대금리와 수수료혜택을 제공하는 연금손님 전용 통장,하나은행,0.0,0.0,0.0,0.0,0.0,0.0,0.0,100.0,,5천만원 미만,0.1,,"연금 입금 손님 대상 1백만원까지 연1.40% 추가제공 (2019.3.16 현재,세전) 제공대상 : 매 결산월(3,6,9,12월)의 전월말일 또는 해지일 전월말일 기준, 과거 3개월동안 2개월이상 이 통장에 연금(주1)이입금되는 경우 제공내용 : 해당 이자계산기간내 매일의 최종잔액 중 1백만원까지 기본금리에 우대금리 연1.40% 추가제공 (단, 1백만원 초과금액은 우대금리 미제공)※ 유의사항다른통장에서 이 통장으로 전환하는 경우에는 전환일부터 이 통장의 금리를 적용함",,,0,0,0,0,0,0,0,0,0,,
연금하나 통장,실명의 개인 또는 개인사업자 (1인 1계좌),연금 입금시 우대금리와 수수료혜택을 제공하는 연금손님 전용 통장,하나은행,0.0,0.0,0.0,0.0,0.0,0.0,0.0,100.0,,5천만원 이상,0.1,,"연금 입금 손님 대상 1백만원까지 연1.40% 추가제공 (2019.3.16 현재,세전) 제공대상 : 매 결산월(3,6,9,12월)의 전월말일 또는 해지일 전월말일 기준, 과거 3개월동안 2개월이상 이 통장에 연금(주1)이입금되는 경우 제공내용 : 해당 이자계산기간내 매일의 최종잔액 중 1백만원까지 기본금리에 우대금리 연1.40% 추가제공 (단, 1백만원 초과금액은 우대금리 미제공)※ 유의사항다른통장에서 이 통장으로 전환하는 경우에는 전환일부터 이 통장의 금리를 적용함",,,0,0,0,0,0,0,0,0,0,,
하나 공무원연금 평생안심통장,실명의 개인 또는 개인사업자로 공무원연금을 수령하는 고객,공무원연금 수급자의 기본적인 연금수급권리를 보호하기 위한 압류방지 전용통장,하나은행,0.0,0.0,0.0,0.0,0.0,0.0,0.0,100.0,,공무원연금 수령 전용통장,0.5,,,,,0,0,0,0,0,0,0,0,0,,공무원
하나 국민연금 안심(安心)통장,실명의 개인 또는 개인사업자로 국민연금을 수령하는 고객,,하나은행,0.0,0.0,0.0,0.0,0.0,0.0,0.0,100.0,,국민연금 수령 전용통장,0.5,,,,,0,0,0,0,0,0,0,0,0,,
하나 군인연금 평생안심통장,실명의 개인 또는 개인사업자,군인연금 수급자의 기본적인 연금수급권리를 보호하기 위한  압류방지통장,하나은행,0.0,0.0,0.0,0.0,0.0,0.0,0.0,100.0,,,0.1,,,,,0,0,0,0,0,0,0,0,0,,
하나 주택연금 지킴이 통장,"실명의 개인 또는 개인사업자로  주택담보 노후연금㈜ (이하 “주택연금”이라 함) 을 수령하고, “주택연금 전용계좌 이용대상 확인서＂를 제출하는 손님* ㈜ 하나은행의 주택담보 노후연금대출(주택연금 역모기지론) 에 의하여 입금되는 월지급금",주택담보 노후연금 수급자의 연금수급권리를 보호하기 위한 압류방지 전용통장,하나은행,0.0,0.0,0.0,0.0,0.0,0.0,0.0,100.0,,5천만원 미만,0.1,,,,,0,0,0,0,0,0,0,0,0,,
하나 주택연금 지킴이 통장,"실명의 개인 또는 개인사업자로  주택담보 노후연금㈜ (이하 “주택연금”이라 함) 을 수령하고, “주택연금 전용계좌 이용대상 확인서＂를 제출하는 손님* ㈜ 하나은행의 주택담보 노후연금대출(주택연금 역모기지론) 에 의하여 입금되는 월지급금",주택담보 노후연금 수급자의 연금수급권리를 보호하기 위한 압류방지 전용통장,하나은행,0.0,0.0,0.0,0.0,0.0,0.0,0.0,100.0,,5천만원 이상,0.1,,,,,0,0,0,0,0,0,0,0,0,,
